zone_name,country_code,abbreviation,time_start,gmt_offset,dst
America/Chicago,US,CST,-2717647200,-21600,0
America/Chicago,US,CDT,-1633276800,-18000,1
America/Chicago,US,CST,-1615136400,-21600,0
America/Chicago,US,CDT,-1601827200,-18000,1
America/Chicago,US,CST,-1583686800,-21600,0
America/Chicago,US,CDT,-1563724800,-18000,1
America/Chicago,US,CST,-1551632400,-21600,0
America/Chicago,US,CDT,-1538928000,-18000,1
America/Chicago,US,CST,-1520182800,-21600,0
America/Chicago,US,CDT,-1504454400,-18000,1
America/Chicago,US,CST,-1491757200,-21600,0
America/Chicago,US,CDT,-1473004800,-18000,1
America/Chicago,US,CST,-1459702800,-21600,0
America/Chicago,US,CDT,-1441555200,-18000,1
America/Chicago,US,CST,-1428253200,-21600,0
America/Chicago,US,CDT,-1410105600,-18000,1
America/Chicago,US,CST,-1396803600,-21600,0
America/Chicago,US,CDT,-1378656000,-18000,1
America/Chicago,US,CST,-1365354000,-21600,0
America/Chicago,US,CDT,-1347206400,-18000,1
America/Chicago,US,CST,-1333904400,-21600,0
America/Chicago,US,CDT,-1315152000,-18000,1
America/Chicago,US,CST,-1301850000,-21600,0
America/Chicago,US,CDT,-1283702400,-18000,1
America/Chicago,US,CST,-1270400400,-21600,0
America/Chicago,US,CDT,-1252252800,-18000,1
America/Chicago,US,CST,-1238950800,-21600,0
America/Chicago,US,CDT,-1220803200,-18000,1
America/Chicago,US,CST,-1207501200,-21600,0
America/Chicago,US,CDT,-1189353600,-18000,1
America/Chicago,US,CST,-1176051600,-21600,0
America/Chicago,US,CDT,-1157299200,-18000,1
America/Chicago,US,CST,-1144602000,-21600,0
America/Chicago,US,CDT,-1125849600,-18000,1
America/Chicago,US,CST,-1112547600,-21600,0
America/Chicago,US,CDT,-1094400000,-18000,1
America/Chicago,US,CST,-1081098000,-21600,0
America/Chicago,US,CST,-1045414800,-21600,0
America/Chicago,US,CDT,-1031500800,-18000,1
America/Chicago,US,CST,-1018198800,-21600,0
America/Chicago,US,CDT,-1000051200,-18000,1
America/Chicago,US,CST,-986749200,-21600,0
America/Chicago,US,CDT,-967996800,-18000,1
America/Chicago,US,CST,-955299600,-21600,0
America/Chicago,US,CDT,-936547200,-18000,1
America/Chicago,US,CST,-923245200,-21600,0
America/Chicago,US,CDT,-905097600,-18000,1
America/Chicago,US,CST,-891795600,-21600,0
America/Chicago,US,CST,-765392400,-21600,0
America/Chicago,US,CDT,-747244800,-18000,1
America/Chicago,US,CST,-733942800,-21600,0
America/Chicago,US,CDT,-715795200,-18000,1
America/Chicago,US,CST,-702493200,-21600,0
America/Chicago,US,CDT,-684345600,-18000,1
America/Chicago,US,CST,-671043600,-21600,0
America/Chicago,US,CDT,-652896000,-18000,1
America/Chicago,US,CST,-639594000,-21600,0
America/Chicago,US,CDT,-620841600,-18000,1
America/Chicago,US,CST,-608144400,-21600,0
America/Chicago,US,CDT,-589392000,-18000,1
America/Chicago,US,CST,-576090000,-21600,0
America/Chicago,US,CDT,-557942400,-18000,1
America/Chicago,US,CST,-544640400,-21600,0
America/Chicago,US,CDT,-526492800,-18000,1
America/Chicago,US,CST,-513190800,-21600,0
America/Chicago,US,CDT,-495043200,-18000,1
America/Chicago,US,CST,-481741200,-21600,0
America/Chicago,US,CDT,-463593600,-18000,1
America/Chicago,US,CST,-447267600,-21600,0
America/Chicago,US,CDT,-431539200,-18000,1
America/Chicago,US,CST,-415818000,-21600,0
America/Chicago,US,CDT,-400089600,-18000,1
America/Chicago,US,CST,-384368400,-21600,0
America/Chicago,US,CDT,-368640000,-18000,1
America/Chicago,US,CST,-352918800,-21600,0
America/Chicago,US,CDT,-337190400,-18000,1
America/Chicago,US,CST,-321469200,-21600,0
America/Chicago,US,CDT,-305740800,-18000,1
America/Chicago,US,CST,-289414800,-21600,0
America/Chicago,US,CDT,-273686400,-18000,1
America/Chicago,US,CST,-257965200,-21600,0
America/Chicago,US,CDT,-242236800,-18000,1
America/Chicago,US,CST,-226515600,-21600,0
America/Chicago,US,CDT,-210787200,-18000,1
America/Chicago,US,CST,-195066000,-21600,0
America/Chicago,US,CDT,-179337600,-18000,1
America/Chicago,US,CST,-163616400,-21600,0
America/Chicago,US,CDT,-147888000,-18000,1
America/Chicago,US,CST,-131562000,-21600,0
America/Chicago,US,CDT,-116438400,-18000,1
America/Chicago,US,CST,-100112400,-21600,0
America/Chicago,US,CDT,-84384000,-18000,1
America/Chicago,US,CST,-68662800,-21600,0
America/Chicago,US,CDT,-52934400,-18000,1
America/Chicago,US,CST,-37213200,-21600,0
America/Chicago,US,CDT,-21484800,-18000,1
America/Chicago,US,CST,-5763600,-21600,0
America/Chicago,US,CDT,9964800,-18000,1
America/Chicago,US,CST,25686000,-21600,0
America/Chicago,US,CDT,41414400,-18000,1
America/Chicago,US,CST,57740400,-21600,0
America/Chicago,US,CDT,73468800,-18000,1
America/Chicago,US,CST,89190000,-21600,0
America/Chicago,US,CDT,104918400,-18000,1
America/Chicago,US,CST,120639600,-21600,0
America/Chicago,US,CDT,126691200,-18000,1
America/Chicago,US,CST,152089200,-21600,0
America/Chicago,US,CDT,162374400,-18000,1
America/Chicago,US,CST,183538800,-21600,0
America/Chicago,US,CDT,199267200,-18000,1
America/Chicago,US,CST,215593200,-21600,0
America/Chicago,US,CDT,230716800,-18000,1
America/Chicago,US,CST,247042800,-21600,0
America/Chicago,US,CDT,262771200,-18000,1
America/Chicago,US,CST,278492400,-21600,0
America/Chicago,US,CDT,294220800,-18000,1
America/Chicago,US,CST,309942000,-21600,0
America/Chicago,US,CDT,325670400,-18000,1
America/Chicago,US,CST,341391600,-21600,0
America/Chicago,US,CDT,357120000,-18000,1
America/Chicago,US,CST,372841200,-21600,0
America/Chicago,US,CDT,388569600,-18000,1
America/Chicago,US,CST,404895600,-21600,0
America/Chicago,US,CDT,420019200,-18000,1
America/Chicago,US,CST,436345200,-21600,0
America/Chicago,US,CDT,452073600,-18000,1
America/Chicago,US,CST,467794800,-21600,0
America/Chicago,US,CDT,483523200,-18000,1
America/Chicago,US,CST,499244400,-21600,0
America/Chicago,US,CDT,514972800,-18000,1
America/Chicago,US,CST,530694000,-21600,0
America/Chicago,US,CDT,544608000,-18000,1
America/Chicago,US,CST,562143600,-21600,0
America/Chicago,US,CDT,576057600,-18000,1
America/Chicago,US,CST,594198000,-21600,0
America/Chicago,US,CDT,607507200,-18000,1
America/Chicago,US,CST,625647600,-21600,0
America/Chicago,US,CDT,638956800,-18000,1
America/Chicago,US,CST,657097200,-21600,0
America/Chicago,US,CDT,671011200,-18000,1
America/Chicago,US,CST,688546800,-21600,0
America/Chicago,US,CDT,702460800,-18000,1
America/Chicago,US,CST,719996400,-21600,0
America/Chicago,US,CDT,733910400,-18000,1
America/Chicago,US,CST,752050800,-21600,0
America/Chicago,US,CDT,765360000,-18000,1
America/Chicago,US,CST,783500400,-21600,0
America/Chicago,US,CDT,796809600,-18000,1
America/Chicago,US,CST,814950000,-21600,0
America/Chicago,US,CDT,828864000,-18000,1
America/Chicago,US,CST,846399600,-21600,0
America/Chicago,US,CDT,860313600,-18000,1
America/Chicago,US,CST,877849200,-21600,0
America/Chicago,US,CDT,891763200,-18000,1
America/Chicago,US,CST,909298800,-21600,0
America/Chicago,US,CDT,923212800,-18000,1
America/Chicago,US,CST,941353200,-21600,0
America/Chicago,US,CDT,954662400,-18000,1
America/Chicago,US,CST,972802800,-21600,0
America/Chicago,US,CDT,986112000,-18000,1
America/Chicago,US,CST,1004252400,-21600,0
America/Chicago,US,CDT,1018166400,-18000,1
America/Chicago,US,CST,1035702000,-21600,0
America/Chicago,US,CDT,1049616000,-18000,1
America/Chicago,US,CST,1067151600,-21600,0
America/Chicago,US,CDT,1081065600,-18000,1
America/Chicago,US,CST,1099206000,-21600,0
America/Chicago,US,CDT,1112515200,-18000,1
America/Chicago,US,CST,1130655600,-21600,0
America/Chicago,US,CDT,1143964800,-18000,1
America/Chicago,US,CST,1162105200,-21600,0
America/Chicago,US,CDT,1173600000,-18000,1
America/Chicago,US,CST,1194159600,-21600,0
America/Chicago,US,CDT,1205049600,-18000,1
America/Chicago,US,CST,1225609200,-21600,0
America/Chicago,US,CDT,1236499200,-18000,1
America/Chicago,US,CST,1257058800,-21600,0
America/Chicago,US,CDT,1268553600,-18000,1
America/Chicago,US,CST,1289113200,-21600,0
America/Chicago,US,CDT,1300003200,-18000,1
America/Chicago,US,CST,1320562800,-21600,0
America/Chicago,US,CDT,1331452800,-18000,1
America/Chicago,US,CST,1352012400,-21600,0
America/Chicago,US,CDT,1362902400,-18000,1
America/Chicago,US,CST,1383462000,-21600,0
America/Chicago,US,CDT,1394352000,-18000,1
America/Chicago,US,CST,1414911600,-21600,0
America/Chicago,US,CDT,1425801600,-18000,1
America/Chicago,US,CST,1446361200,-21600,0
America/Chicago,US,CDT,1457856000,-18000,1
America/Chicago,US,CST,1478415600,-21600,0
America/Chicago,US,CDT,1489305600,-18000,1
America/Chicago,US,CST,1509865200,-21600,0
America/Chicago,US,CDT,1520755200,-18000,1
America/Chicago,US,CST,1541314800,-21600,0
America/Chicago,US,CDT,1552204800,-18000,1
America/Chicago,US,CST,1572764400,-21600,0
America/Chicago,US,CDT,1583654400,-18000,1
America/Chicago,US,CST,1604214000,-21600,0
America/Chicago,US,CDT,1615708800,-18000,1
America/Chicago,US,CST,1636268400,-21600,0
America/Chicago,US,CDT,1647158400,-18000,1
America/Chicago,US,CST,1667718000,-21600,0
America/Chicago,US,CDT,1678608000,-18000,1
America/Chicago,US,CST,1699167600,-21600,0
America/Chicago,US,CDT,1710057600,-18000,1
America/Chicago,US,CST,1730617200,-21600,0
America/Chicago,US,CDT,1741507200,-18000,1
America/Chicago,US,CST,1762066800,-21600,0
America/Chicago,US,CDT,1772956800,-18000,1
America/Chicago,US,CST,1793516400,-21600,0
America/Chicago,US,CDT,1805011200,-18000,1
America/Chicago,US,CST,1825570800,-21600,0
America/Chicago,US,CDT,1836460800,-18000,1
America/Chicago,US,CST,1857020400,-21600,0
America/Chicago,US,CDT,1867910400,-18000,1
America/Chicago,US,CST,1888470000,-21600,0
America/Chicago,US,CDT,1899360000,-18000,1
America/Chicago,US,CST,1919919600,-21600,0
America/Chicago,US,CDT,1930809600,-18000,1
America/Chicago,US,CST,1951369200,-21600,0
America/Chicago,US,CDT,1962864000,-18000,1
America/Chicago,US,CST,1983423600,-21600,0
America/Chicago,US,CDT,1994313600,-18000,1
America/Chicago,US,CST,2014873200,-21600,0
America/Chicago,US,CDT,2025763200,-18000,1
America/Chicago,US,CST,2046322800,-21600,0
America/Chicago,US,CDT,2057212800,-18000,1
America/Chicago,US,CST,2077772400,-21600,0
America/Chicago,US,CDT,2088662400,-18000,1
America/Chicago,US,CST,2109222000,-21600,0
America/Chicago,US,CDT,2120112000,-18000,1
America/Chicago,US,CST,2140671600,-21600,0
America/Chicago,US,CDT,2152166400,-18000,1
America/Chicago,US,CST,2172726000,-21600,0
America/Chicago,US,CDT,2183616000,-18000,1
America/Chicago,US,CST,2204175600,-21600,0
America/Chicago,US,CDT,2215065600,-18000,1
America/Chicago,US,CST,2235625200,-21600,0
America/Chicago,US,CDT,2246515200,-18000,1
America/Chicago,US,CST,2267074800,-21600,0
America/Chicago,US,CDT,2277964800,-18000,1
America/Chicago,US,CST,2298524400,-21600,0
America/Chicago,US,CDT,2309414400,-18000,1
America/Chicago,US,CST,2329974000,-21600,0
America/Chicago,US,CDT,2341468800,-18000,1
America/Chicago,US,CST,2362028400,-21600,0
America/Chicago,US,CDT,2372918400,-18000,1
America/Chicago,US,CST,2393478000,-21600,0
America/Chicago,US,CDT,2404368000,-18000,1
America/Chicago,US,CST,2424927600,-21600,0
America/Chicago,US,CDT,2435817600,-18000,1
America/Chicago,US,CST,2456377200,-21600,0
America/Chicago,US,CDT,2467267200,-18000,1
America/Chicago,US,CST,2487826800,-21600,0
America/Chicago,US,CDT,2499321600,-18000,1
America/Chicago,US,CST,2519881200,-21600,0
America/Chicago,US,CDT,2530771200,-18000,1
America/Chicago,US,CST,2551330800,-21600,0
America/Chicago,US,CDT,2562220800,-18000,1
America/Chicago,US,CST,2582780400,-21600,0
America/Chicago,US,CDT,2593670400,-18000,1
America/Chicago,US,CST,2614230000,-21600,0
America/Chicago,US,CDT,2625120000,-18000,1
America/Chicago,US,CST,2645679600,-21600,0
America/Chicago,US,CDT,2656569600,-18000,1
America/Chicago,US,CST,2677129200,-21600,0
America/Chicago,US,CDT,2688624000,-18000,1
America/Chicago,US,CST,2709183600,-21600,0
America/Chicago,US,CDT,2720073600,-18000,1
America/Chicago,US,CST,2740633200,-21600,0
America/Chicago,US,CDT,2751523200,-18000,1
America/Chicago,US,CST,2772082800,-21600,0
America/Chicago,US,CDT,2782972800,-18000,1
America/Chicago,US,CST,2803532400,-21600,0
America/Chicago,US,CDT,2814422400,-18000,1
America/Chicago,US,CST,2834982000,-21600,0
America/Chicago,US,CDT,2846476800,-18000,1
America/Chicago,US,CST,2867036400,-21600,0
America/Chicago,US,CDT,2877926400,-18000,1
America/Chicago,US,CST,2898486000,-21600,0
America/Chicago,US,CDT,2909376000,-18000,1
America/Chicago,US,CST,2929935600,-21600,0
America/Chicago,US,CDT,2940825600,-18000,1
America/Chicago,US,CST,2961385200,-21600,0
America/Chicago,US,CDT,2972275200,-18000,1
America/Chicago,US,CST,2992834800,-21600,0
America/Chicago,US,CDT,3003724800,-18000,1
America/Chicago,US,CST,3024284400,-21600,0
America/Chicago,US,CDT,3035779200,-18000,1
America/Chicago,US,CST,3056338800,-21600,0
America/Chicago,US,CDT,3067228800,-18000,1
America/Chicago,US,CST,3087788400,-21600,0
America/Chicago,US,CDT,3098678400,-18000,1
America/Chicago,US,CST,3119238000,-21600,0
America/Chicago,US,CDT,3130128000,-18000,1
America/Chicago,US,CST,3150687600,-21600,0
America/Chicago,US,CDT,3161577600,-18000,1
America/Chicago,US,CST,3182137200,-21600,0
America/Chicago,US,CDT,3193027200,-18000,1
America/Chicago,US,CST,3213586800,-21600,0
America/Chicago,US,CDT,3225081600,-18000,1
America/Chicago,US,CST,3245641200,-21600,0
America/Chicago,US,CDT,3256531200,-18000,1
America/Chicago,US,CST,3277090800,-21600,0
America/Chicago,US,CDT,3287980800,-18000,1
America/Chicago,US,CST,3308540400,-21600,0
America/Chicago,US,CDT,3319430400,-18000,1
America/Chicago,US,CST,3339990000,-21600,0
America/Chicago,US,CDT,3350880000,-18000,1
America/Chicago,US,CST,3371439600,-21600,0
America/Chicago,US,CDT,3382934400,-18000,1
America/Chicago,US,CST,3403494000,-21600,0
America/Chicago,US,CDT,3414384000,-18000,1
America/Chicago,US,CST,3434943600,-21600,0
America/Chicago,US,CDT,3445833600,-18000,1
America/Chicago,US,CST,3466393200,-21600,0
America/Chicago,US,CDT,3477283200,-18000,1
America/Chicago,US,CST,3497842800,-21600,0
America/Chicago,US,CDT,3508732800,-18000,1
America/Chicago,US,CST,3529292400,-21600,0
America/Chicago,US,CDT,3540182400,-18000,1
America/Chicago,US,CST,3560742000,-21600,0
America/Chicago,US,CDT,3572236800,-18000,1
America/Chicago,US,CST,3592796400,-21600,0
America/Chicago,US,CDT,3603686400,-18000,1
America/Chicago,US,CST,3624246000,-21600,0
America/Chicago,US,CDT,3635136000,-18000,1
America/Chicago,US,CST,3655695600,-21600,0
America/Chicago,US,CDT,3666585600,-18000,1
America/Chicago,US,CST,3687145200,-21600,0
America/Chicago,US,CDT,3698035200,-18000,1
America/Chicago,US,CST,3718594800,-21600,0
America/Chicago,US,CDT,3730089600,-18000,1
America/Chicago,US,CST,3750649200,-21600,0
America/Chicago,US,CDT,3761539200,-18000,1
America/Chicago,US,CST,3782098800,-21600,0
America/Chicago,US,CDT,3792988800,-18000,1
America/Chicago,US,CST,3813548400,-21600,0
America/Chicago,US,CDT,3824438400,-18000,1
America/Chicago,US,CST,3844998000,-21600,0
America/Chicago,US,CDT,3855888000,-18000,1
America/Chicago,US,CST,3876447600,-21600,0
America/Chicago,US,CDT,3887337600,-18000,1
America/Chicago,US,CST,3907897200,-21600,0
America/Chicago,US,CDT,3919392000,-18000,1
America/Chicago,US,CST,3939951600,-21600,0
America/Chicago,US,CDT,3950841600,-18000,1
America/Chicago,US,CST,3971401200,-21600,0
America/Chicago,US,CDT,3982291200,-18000,1
America/Chicago,US,CST,4002850800,-21600,0
America/Chicago,US,CDT,4013740800,-18000,1
America/Chicago,US,CST,4034300400,-21600,0
America/Chicago,US,CDT,4045190400,-18000,1
America/Chicago,US,CST,4065750000,-21600,0
America/Chicago,US,CDT,4076640000,-18000,1
America/Chicago,US,CST,4097199600,-21600,0
America/Chicago,US,CDT,4108694400,-18000,1
America/Chicago,US,CST,4129254000,-21600,0
America/Chicago,US,CDT,4140144000,-18000,1
America/Chicago,US,CST,4160703600,-21600,0
America/Chicago,US,CDT,4171593600,-18000,1
America/Chicago,US,CST,4192153200,-21600,0
America/Chicago,US,CDT,4203043200,-18000,1
America/Chicago,US,CST,4223602800,-21600,0
America/Chicago,US,CDT,4234492800,-18000,1
America/Chicago,US,CST,4255052400,-21600,0
America/Chicago,US,CDT,4265942400,-18000,1
America/Chicago,US,CST,4286502000,-21600,0
America/Chicago,US,CDT,4297996800,-18000,1
America/Chicago,US,CST,4318556400,-21600,0
America/Chicago,US,CDT,4329446400,-18000,1
America/Chicago,US,CST,4350006000,-21600,0
America/Chicago,US,CDT,4360896000,-18000,1
America/Chicago,US,CST,4381455600,-21600,0
America/Chicago,US,CDT,4392345600,-18000,1
America/Chicago,US,CST,4412905200,-21600,0
America/Chicago,US,CDT,4423795200,-18000,1
America/Chicago,US,CST,4444354800,-21600,0
America/Chicago,US,CDT,4455244800,-18000,1
America/Chicago,US,CST,4475804400,-21600,0
America/Chicago,US,CDT,4487299200,-18000,1
America/Chicago,US,CST,4507858800,-21600,0
America/Chicago,US,CDT,4518748800,-18000,1
America/Chicago,US,CST,4539308400,-21600,0
America/Chicago,US,CDT,4550198400,-18000,1
America/Chicago,US,CST,4570758000,-21600,0
America/Chicago,US,CDT,4581648000,-18000,1
America/Chicago,US,CST,4602207600,-21600,0
America/Chicago,US,CDT,4613097600,-18000,1
America/Chicago,US,CST,4633657200,-21600,0
America/Chicago,US,CDT,4645152000,-18000,1
America/Chicago,US,CST,4665711600,-21600,0
America/Chicago,US,CDT,4676601600,-18000,1
America/Chicago,US,CST,4697161200,-21600,0
America/Chicago,US,CDT,4708051200,-18000,1
America/Chicago,US,CST,4728610800,-21600,0
America/Chicago,US,CDT,4739500800,-18000,1
America/Chicago,US,CST,4760060400,-21600,0
America/Chicago,US,CDT,4770950400,-18000,1
America/Chicago,US,CST,4791510000,-21600,0
America/Chicago,US,CDT,4802400000,-18000,1
America/Chicago,US,CST,4822959600,-21600,0
America/Chicago,US,CDT,4834454400,-18000,1
America/Chicago,US,CST,4855014000,-21600,0
America/Chicago,US,CDT,4865904000,-18000,1
America/Chicago,US,CST,4886463600,-21600,0
America/Chicago,US,CDT,4897353600,-18000,1
America/Chicago,US,CST,4917913200,-21600,0
America/Chicago,US,CDT,4928803200,-18000,1
America/Chicago,US,CST,4949362800,-21600,0
America/Chicago,US,CDT,4960252800,-18000,1
America/Chicago,US,CST,4980812400,-21600,0
America/Chicago,US,CDT,4992307200,-18000,1
America/Chicago,US,CST,5012866800,-21600,0
America/Chicago,US,CDT,5023756800,-18000,1
America/Chicago,US,CST,5044316400,-21600,0
America/Chicago,US,CDT,5055206400,-18000,1
America/Chicago,US,CST,5075766000,-21600,0
America/Chicago,US,CDT,5086656000,-18000,1
America/Chicago,US,CST,5107215600,-21600,0
America/Chicago,US,CDT,5118105600,-18000,1
America/Chicago,US,CST,5138665200,-21600,0
America/Chicago,US,CDT,5149555200,-18000,1
America/Chicago,US,CST,5170114800,-21600,0
America/Chicago,US,CDT,5181609600,-18000,1
America/Chicago,US,CST,5202169200,-21600,0
America/Chicago,US,CDT,5213059200,-18000,1
America/Chicago,US,CST,5233618800,-21600,0
America/Chicago,US,CDT,5244508800,-18000,1
America/Chicago,US,CST,5265068400,-21600,0
America/Chicago,US,CDT,5275958400,-18000,1
America/Chicago,US,CST,5296518000,-21600,0
America/Chicago,US,CDT,5307408000,-18000,1
America/Chicago,US,CST,5327967600,-21600,0
America/Chicago,US,CDT,5338857600,-18000,1
America/Chicago,US,CST,5359417200,-21600,0
America/Chicago,US,CDT,5370912000,-18000,1
America/Chicago,US,CST,5391471600,-21600,0
America/Chicago,US,CDT,5402361600,-18000,1
America/Chicago,US,CST,5422921200,-21600,0
America/Chicago,US,CDT,5433811200,-18000,1
America/Chicago,US,CST,5454370800,-21600,0
America/Chicago,US,CDT,5465260800,-18000,1
America/Chicago,US,CST,5485820400,-21600,0
America/Chicago,US,CDT,5496710400,-18000,1
America/Chicago,US,CST,5517270000,-21600,0
America/Chicago,US,CDT,5528764800,-18000,1
America/Chicago,US,CST,5549324400,-21600,0
America/Chicago,US,CDT,5560214400,-18000,1
America/Chicago,US,CST,5580774000,-21600,0
America/Chicago,US,CDT,5591664000,-18000,1
America/Chicago,US,CST,5612223600,-21600,0
America/Chicago,US,CDT,5623113600,-18000,1
America/Chicago,US,CST,5643673200,-21600,0
America/Chicago,US,CDT,5654563200,-18000,1
America/Chicago,US,CST,5675122800,-21600,0
America/Chicago,US,CDT,5686012800,-18000,1
America/Chicago,US,CST,5706572400,-21600,0
America/Chicago,US,CDT,5718067200,-18000,1
America/Chicago,US,CST,5738626800,-21600,0
America/Chicago,US,CDT,5749516800,-18000,1
America/Chicago,US,CST,5770076400,-21600,0
America/Chicago,US,CDT,5780966400,-18000,1
America/Chicago,US,CST,5801526000,-21600,0
America/Chicago,US,CDT,5812416000,-18000,1
America/Chicago,US,CST,5832975600,-21600,0
America/Chicago,US,CDT,5843865600,-18000,1
America/Chicago,US,CST,5864425200,-21600,0
America/Chicago,US,CDT,5875920000,-18000,1
America/Chicago,US,CST,5896479600,-21600,0
America/Chicago,US,CDT,5907369600,-18000,1
America/Chicago,US,CST,5927929200,-21600,0
America/Chicago,US,CDT,5938819200,-18000,1
America/Chicago,US,CST,5959378800,-21600,0
America/Chicago,US,CDT,5970268800,-18000,1
America/Chicago,US,CST,5990828400,-21600,0
America/Chicago,US,CDT,6001718400,-18000,1
America/Chicago,US,CST,6022278000,-21600,0
America/Chicago,US,CDT,6033168000,-18000,1
America/Chicago,US,CST,6053727600,-21600,0
America/Chicago,US,CDT,6065222400,-18000,1
America/Chicago,US,CST,6085782000,-21600,0
America/Chicago,US,CDT,6096672000,-18000,1
America/Chicago,US,CST,6117231600,-21600,0
America/Chicago,US,CDT,6128121600,-18000,1
America/Chicago,US,CST,6148681200,-21600,0
America/Chicago,US,CDT,6159571200,-18000,1
America/Chicago,US,CST,6180130800,-21600,0
America/Chicago,US,CDT,6191020800,-18000,1
America/Chicago,US,CST,6211580400,-21600,0
America/Chicago,US,CDT,6222470400,-18000,1
America/Chicago,US,CST,6243030000,-21600,0
America/Chicago,US,CDT,6254524800,-18000,1
America/Chicago,US,CST,6275084400,-21600,0
America/Chicago,US,CDT,6285974400,-18000,1
America/Chicago,US,CST,6306534000,-21600,0
America/Chicago,US,CDT,6317424000,-18000,1
America/Chicago,US,CST,6337983600,-21600,0
America/Chicago,US,CDT,6348873600,-18000,1
America/Chicago,US,CST,6369433200,-21600,0
America/Chicago,US,CDT,6380323200,-18000,1
America/Chicago,US,CST,6400882800,-21600,0
America/Chicago,US,CDT,6412377600,-18000,1
America/Chicago,US,CST,6432937200,-21600,0
America/Chicago,US,CDT,6443827200,-18000,1
America/Chicago,US,CST,6464386800,-21600,0
America/Chicago,US,CDT,6475276800,-18000,1
America/Chicago,US,CST,6495836400,-21600,0
America/Chicago,US,CDT,6506726400,-18000,1
America/Chicago,US,CST,6527286000,-21600,0
America/Chicago,US,CDT,6538176000,-18000,1
America/Chicago,US,CST,6558735600,-21600,0
America/Chicago,US,CDT,6569625600,-18000,1
America/Chicago,US,CST,6590185200,-21600,0
America/Chicago,US,CDT,6601680000,-18000,1
America/Chicago,US,CST,6622239600,-21600,0
America/Chicago,US,CDT,6633129600,-18000,1
America/Chicago,US,CST,6653689200,-21600,0
America/Chicago,US,CDT,6664579200,-18000,1
America/Chicago,US,CST,6685138800,-21600,0
America/Chicago,US,CDT,6696028800,-18000,1
America/Chicago,US,CST,6716588400,-21600,0
America/Chicago,US,CDT,6727478400,-18000,1
America/Chicago,US,CST,6748038000,-21600,0
America/Chicago,US,CDT,6759532800,-18000,1
America/Chicago,US,CST,6780092400,-21600,0
America/Chicago,US,CDT,6790982400,-18000,1
America/Chicago,US,CST,6811542000,-21600,0
America/Chicago,US,CDT,6822432000,-18000,1
America/Chicago,US,CST,6842991600,-21600,0
America/Chicago,US,CDT,6853881600,-18000,1
America/Chicago,US,CST,6874441200,-21600,0
America/Chicago,US,CDT,6885331200,-18000,1
America/Chicago,US,CST,6905890800,-21600,0
America/Chicago,US,CDT,6916780800,-18000,1
America/Chicago,US,CST,6937340400,-21600,0
America/Chicago,US,CDT,6948835200,-18000,1
America/Chicago,US,CST,6969394800,-21600,0
America/Chicago,US,CDT,6980284800,-18000,1
America/Chicago,US,CST,7000844400,-21600,0
America/Chicago,US,CDT,7011734400,-18000,1
America/Chicago,US,CST,7032294000,-21600,0
America/Chicago,US,CDT,7043184000,-18000,1
America/Chicago,US,CST,7063743600,-21600,0
America/Chicago,US,CDT,7074633600,-18000,1
America/Chicago,US,CST,7095193200,-21600,0
America/Chicago,US,CDT,7106083200,-18000,1
America/Chicago,US,CST,7126642800,-21600,0
America/Chicago,US,CDT,7138137600,-18000,1
America/Chicago,US,CST,7158697200,-21600,0
America/Chicago,US,CDT,7169587200,-18000,1
America/Chicago,US,CST,7190146800,-21600,0
America/Chicago,US,CDT,7201036800,-18000,1
America/Chicago,US,CST,7221596400,-21600,0
America/Chicago,US,CDT,7232486400,-18000,1
America/Chicago,US,CST,7253046000,-21600,0
America/Chicago,US,CDT,7263936000,-18000,1
America/Chicago,US,CST,7284495600,-21600,0
America/Chicago,US,CDT,7295385600,-18000,1
America/Chicago,US,CST,7315945200,-21600,0
America/Chicago,US,CDT,7327440000,-18000,1
America/Chicago,US,CST,7347999600,-21600,0
America/Chicago,US,CDT,7358889600,-18000,1
America/Chicago,US,CST,7379449200,-21600,0
America/Chicago,US,CDT,7390339200,-18000,1
America/Chicago,US,CST,7410898800,-21600,0
America/Chicago,US,CDT,7421788800,-18000,1
America/Chicago,US,CST,7442348400,-21600,0
America/Chicago,US,CDT,7453238400,-18000,1
America/Chicago,US,CST,7473798000,-21600,0
America/Chicago,US,CDT,7484688000,-18000,1
America/Chicago,US,CST,7505247600,-21600,0
America/Chicago,US,CDT,7516742400,-18000,1
America/Chicago,US,CST,7537302000,-21600,0
America/Chicago,US,CDT,7548192000,-18000,1
America/Chicago,US,CST,7568751600,-21600,0
America/Chicago,US,CDT,7579641600,-18000,1
America/Chicago,US,CST,7600201200,-21600,0
America/Chicago,US,CDT,7611091200,-18000,1
America/Chicago,US,CST,7631650800,-21600,0
America/Chicago,US,CDT,7642540800,-18000,1
America/Chicago,US,CST,7663100400,-21600,0
America/Chicago,US,CDT,7674595200,-18000,1
America/Chicago,US,CST,7695154800,-21600,0
America/Chicago,US,CDT,7706044800,-18000,1
America/Chicago,US,CST,7726604400,-21600,0
America/Chicago,US,CDT,7737494400,-18000,1
America/Chicago,US,CST,7758054000,-21600,0
America/Chicago,US,CDT,7768944000,-18000,1
America/Chicago,US,CST,7789503600,-21600,0
America/Chicago,US,CDT,7800393600,-18000,1
America/Chicago,US,CST,7820953200,-21600,0
America/Chicago,US,CDT,7831843200,-18000,1
America/Chicago,US,CST,7852402800,-21600,0
America/Chicago,US,CDT,7863897600,-18000,1
America/Chicago,US,CST,7884457200,-21600,0
America/Chicago,US,CDT,7895347200,-18000,1
America/Chicago,US,CST,7915906800,-21600,0
America/Chicago,US,CDT,7926796800,-18000,1
America/Chicago,US,CST,7947356400,-21600,0
America/Chicago,US,CDT,7958246400,-18000,1
America/Chicago,US,CST,7978806000,-21600,0
America/Chicago,US,CDT,7989696000,-18000,1
America/Chicago,US,CST,8010255600,-21600,0
America/Chicago,US,CDT,8021750400,-18000,1
America/Chicago,US,CST,8042310000,-21600,0
America/Chicago,US,CDT,8053200000,-18000,1
America/Chicago,US,CST,8073759600,-21600,0
America/Chicago,US,CDT,8084649600,-18000,1
America/Chicago,US,CST,8105209200,-21600,0
America/Chicago,US,CDT,8116099200,-18000,1
America/Chicago,US,CST,8136658800,-21600,0
America/Chicago,US,CDT,8147548800,-18000,1
America/Chicago,US,CST,8168108400,-21600,0
America/Chicago,US,CDT,8178998400,-18000,1
America/Chicago,US,CST,8199558000,-21600,0
America/Chicago,US,CDT,8211052800,-18000,1
America/Chicago,US,CST,8231612400,-21600,0
America/Chicago,US,CDT,8242502400,-18000,1
America/Chicago,US,CST,8263062000,-21600,0
America/Chicago,US,CDT,8273952000,-18000,1
America/Chicago,US,CST,8294511600,-21600,0
America/Chicago,US,CDT,8305401600,-18000,1
America/Chicago,US,CST,8325961200,-21600,0
America/Chicago,US,CDT,8336851200,-18000,1
America/Chicago,US,CST,8357410800,-21600,0
America/Chicago,US,CDT,8368300800,-18000,1
America/Chicago,US,CST,8388860400,-21600,0
America/Chicago,US,CDT,8400355200,-18000,1
America/Chicago,US,CST,8420914800,-21600,0
America/Chicago,US,CDT,8431804800,-18000,1
America/Chicago,US,CST,8452364400,-21600,0
America/Chicago,US,CDT,8463254400,-18000,1
America/Chicago,US,CST,8483814000,-21600,0
America/Chicago,US,CDT,8494704000,-18000,1
America/Chicago,US,CST,8515263600,-21600,0
America/Chicago,US,CDT,8526153600,-18000,1
America/Chicago,US,CST,8546713200,-21600,0
America/Chicago,US,CDT,8558208000,-18000,1
America/Chicago,US,CST,8578767600,-21600,0
America/Chicago,US,CDT,8589657600,-18000,1
America/Chicago,US,CST,8610217200,-21600,0
America/Chicago,US,CDT,8621107200,-18000,1
America/Chicago,US,CST,8641666800,-21600,0
America/Chicago,US,CDT,8652556800,-18000,1
America/Chicago,US,CST,8673116400,-21600,0
America/Chicago,US,CDT,8684006400,-18000,1
America/Chicago,US,CST,8704566000,-21600,0
America/Chicago,US,CDT,8715456000,-18000,1
America/Chicago,US,CST,8736015600,-21600,0
America/Chicago,US,CDT,8747510400,-18000,1
America/Chicago,US,CST,8768070000,-21600,0
America/Chicago,US,CDT,8778960000,-18000,1
America/Chicago,US,CST,8799519600,-21600,0
America/Chicago,US,CDT,8810409600,-18000,1
America/Chicago,US,CST,8830969200,-21600,0
America/Chicago,US,CDT,8841859200,-18000,1
America/Chicago,US,CST,8862418800,-21600,0
America/Chicago,US,CDT,8873308800,-18000,1
America/Chicago,US,CST,8893868400,-21600,0
America/Chicago,US,CDT,8905363200,-18000,1
America/Chicago,US,CST,8925922800,-21600,0
America/Chicago,US,CDT,8936812800,-18000,1
America/Chicago,US,CST,8957372400,-21600,0
America/Chicago,US,CDT,8968262400,-18000,1
America/Chicago,US,CST,8988822000,-21600,0
America/Chicago,US,CDT,8999712000,-18000,1
America/Chicago,US,CST,9020271600,-21600,0
America/Chicago,US,CDT,9031161600,-18000,1
America/Chicago,US,CST,9051721200,-21600,0
America/Chicago,US,CDT,9062611200,-18000,1
America/Chicago,US,CST,9083170800,-21600,0
America/Chicago,US,CDT,9094665600,-18000,1
America/Chicago,US,CST,9115225200,-21600,0
America/Chicago,US,CDT,9126115200,-18000,1
America/Chicago,US,CST,9146674800,-21600,0
America/Chicago,US,CDT,9157564800,-18000,1
America/Chicago,US,CST,9178124400,-21600,0
America/Chicago,US,CDT,9189014400,-18000,1
America/Chicago,US,CST,9209574000,-21600,0
America/Chicago,US,CDT,9220464000,-18000,1
America/Chicago,US,CST,9241023600,-21600,0
America/Chicago,US,CDT,9251913600,-18000,1
America/Chicago,US,CST,9272473200,-21600,0
America/Chicago,US,CDT,9283968000,-18000,1
America/Chicago,US,CST,9304527600,-21600,0
America/Chicago,US,CDT,9315417600,-18000,1
America/Chicago,US,CST,9335977200,-21600,0
America/Chicago,US,CDT,9346867200,-18000,1
America/Chicago,US,CST,9367426800,-21600,0
America/Chicago,US,CDT,9378316800,-18000,1
America/Chicago,US,CST,9398876400,-21600,0
America/Chicago,US,CDT,9409766400,-18000,1
America/Chicago,US,CST,9430326000,-21600,0
America/Chicago,US,CDT,9441820800,-18000,1
America/Chicago,US,CST,9462380400,-21600,0
America/Chicago,US,CDT,9473270400,-18000,1
America/Chicago,US,CST,9493830000,-21600,0
America/Chicago,US,CDT,9504720000,-18000,1
America/Chicago,US,CST,9525279600,-21600,0
America/Chicago,US,CDT,9536169600,-18000,1
America/Chicago,US,CST,9556729200,-21600,0
America/Chicago,US,CDT,9567619200,-18000,1
America/Chicago,US,CST,9588178800,-21600,0
America/Chicago,US,CDT,9599068800,-18000,1
America/Chicago,US,CST,9619628400,-21600,0
America/Chicago,US,CDT,9631123200,-18000,1
America/Chicago,US,CST,9651682800,-21600,0
America/Chicago,US,CDT,9662572800,-18000,1
America/Chicago,US,CST,9683132400,-21600,0
America/Chicago,US,CDT,9694022400,-18000,1
America/Chicago,US,CST,9714582000,-21600,0
America/Chicago,US,CDT,9725472000,-18000,1
America/Chicago,US,CST,9746031600,-21600,0
America/Chicago,US,CDT,9756921600,-18000,1
America/Chicago,US,CST,9777481200,-21600,0
America/Chicago,US,CDT,9788976000,-18000,1
America/Chicago,US,CST,9809535600,-21600,0
America/Chicago,US,CDT,9820425600,-18000,1
America/Chicago,US,CST,9840985200,-21600,0
America/Chicago,US,CDT,9851875200,-18000,1
America/Chicago,US,CST,9872434800,-21600,0
America/Chicago,US,CDT,9883324800,-18000,1
America/Chicago,US,CST,9903884400,-21600,0
America/Chicago,US,CDT,9914774400,-18000,1
America/Chicago,US,CST,9935334000,-21600,0
America/Chicago,US,CDT,9946224000,-18000,1
America/Chicago,US,CST,9966783600,-21600,0
America/Chicago,US,CDT,9978278400,-18000,1
America/Chicago,US,CST,9998838000,-21600,0
America/Chicago,US,CDT,10009728000,-18000,1
America/Chicago,US,CST,10030287600,-21600,0
America/Chicago,US,CDT,10041177600,-18000,1
America/Chicago,US,CST,10061737200,-21600,0
America/Chicago,US,CDT,10072627200,-18000,1
America/Chicago,US,CST,10093186800,-21600,0
America/Chicago,US,CDT,10104076800,-18000,1
America/Chicago,US,CST,10124636400,-21600,0
America/Chicago,US,CDT,10135526400,-18000,1
America/Chicago,US,CST,10156086000,-21600,0
America/Chicago,US,CDT,10167580800,-18000,1
America/Chicago,US,CST,10188140400,-21600,0
America/Chicago,US,CDT,10199030400,-18000,1
America/Chicago,US,CST,10219590000,-21600,0
America/Chicago,US,CDT,10230480000,-18000,1
America/Chicago,US,CST,10251039600,-21600,0
America/Chicago,US,CDT,10261929600,-18000,1
America/Chicago,US,CST,10282489200,-21600,0
America/Chicago,US,CDT,10293379200,-18000,1
America/Chicago,US,CST,10313938800,-21600,0
America/Chicago,US,CDT,10325433600,-18000,1
America/Chicago,US,CST,10345993200,-21600,0
America/Chicago,US,CDT,10356883200,-18000,1
America/Chicago,US,CST,10377442800,-21600,0
America/Chicago,US,CDT,10388332800,-18000,1
America/Chicago,US,CST,10408892400,-21600,0
America/Chicago,US,CDT,10419782400,-18000,1
America/Chicago,US,CST,10440342000,-21600,0
America/Chicago,US,CDT,10451232000,-18000,1
America/Chicago,US,CST,10471791600,-21600,0
America/Chicago,US,CDT,10482681600,-18000,1
America/Chicago,US,CST,10503241200,-21600,0
America/Chicago,US,CDT,10514131200,-18000,1
America/Chicago,US,CST,10534690800,-21600,0
America/Chicago,US,CDT,10546185600,-18000,1
America/Chicago,US,CST,10566745200,-21600,0
America/Chicago,US,CDT,10577635200,-18000,1
America/Chicago,US,CST,10598194800,-21600,0
America/Chicago,US,CDT,10609084800,-18000,1
America/Chicago,US,CST,10629644400,-21600,0
America/Chicago,US,CDT,10640534400,-18000,1
America/Chicago,US,CST,10661094000,-21600,0
America/Chicago,US,CDT,10671984000,-18000,1
America/Chicago,US,CST,10692543600,-21600,0
America/Chicago,US,CDT,10704038400,-18000,1
America/Chicago,US,CST,10724598000,-21600,0
America/Chicago,US,CDT,10735488000,-18000,1
America/Chicago,US,CST,10756047600,-21600,0
America/Chicago,US,CDT,10766937600,-18000,1
America/Chicago,US,CST,10787497200,-21600,0
America/Chicago,US,CDT,10798387200,-18000,1
America/Chicago,US,CST,10818946800,-21600,0
America/Chicago,US,CDT,10829836800,-18000,1
America/Chicago,US,CST,10850396400,-21600,0
America/Chicago,US,CDT,10861286400,-18000,1
America/Chicago,US,CST,10881846000,-21600,0
America/Chicago,US,CDT,10893340800,-18000,1
America/Chicago,US,CST,10913900400,-21600,0
America/Chicago,US,CDT,10924790400,-18000,1
America/Chicago,US,CST,10945350000,-21600,0
America/Chicago,US,CDT,10956240000,-18000,1
America/Chicago,US,CST,10976799600,-21600,0
America/Chicago,US,CDT,10987689600,-18000,1
America/Chicago,US,CST,11008249200,-21600,0
America/Chicago,US,CDT,11019139200,-18000,1
America/Chicago,US,CST,11039698800,-21600,0
America/Chicago,US,CDT,11051193600,-18000,1
America/Chicago,US,CST,11071753200,-21600,0
America/Chicago,US,CDT,11082643200,-18000,1
America/Chicago,US,CST,11103202800,-21600,0
America/Chicago,US,CDT,11114092800,-18000,1
America/Chicago,US,CST,11134652400,-21600,0
America/Chicago,US,CDT,11145542400,-18000,1
America/Chicago,US,CST,11166102000,-21600,0
America/Chicago,US,CDT,11176992000,-18000,1
America/Chicago,US,CST,11197551600,-21600,0
America/Chicago,US,CDT,11208441600,-18000,1
America/Chicago,US,CST,11229001200,-21600,0
America/Chicago,US,CDT,11240496000,-18000,1
America/Chicago,US,CST,11261055600,-21600,0
America/Chicago,US,CDT,11271945600,-18000,1
America/Chicago,US,CST,11292505200,-21600,0
America/Chicago,US,CDT,11303395200,-18000,1
America/Chicago,US,CST,11323954800,-21600,0
America/Chicago,US,CDT,11334844800,-18000,1
America/Chicago,US,CST,11355404400,-21600,0
America/Chicago,US,CDT,11366294400,-18000,1
America/Chicago,US,CST,11386854000,-21600,0
America/Chicago,US,CDT,11397744000,-18000,1
America/Chicago,US,CST,11418303600,-21600,0
America/Chicago,US,CDT,11429798400,-18000,1
America/Chicago,US,CST,11450358000,-21600,0
America/Chicago,US,CDT,11461248000,-18000,1
America/Chicago,US,CST,11481807600,-21600,0
America/Chicago,US,CDT,11492697600,-18000,1
America/Chicago,US,CST,11513257200,-21600,0
America/Chicago,US,CDT,11524147200,-18000,1
America/Chicago,US,CST,11544706800,-21600,0
America/Chicago,US,CDT,11555596800,-18000,1
America/Chicago,US,CST,11576156400,-21600,0
America/Chicago,US,CDT,11587651200,-18000,1
America/Chicago,US,CST,11608210800,-21600,0
America/Chicago,US,CDT,11619100800,-18000,1
America/Chicago,US,CST,11639660400,-21600,0
America/Chicago,US,CDT,11650550400,-18000,1
America/Chicago,US,CST,11671110000,-21600,0
America/Chicago,US,CDT,11682000000,-18000,1
America/Chicago,US,CST,11702559600,-21600,0
America/Chicago,US,CDT,11713449600,-18000,1
America/Chicago,US,CST,11734009200,-21600,0
America/Chicago,US,CDT,11744899200,-18000,1
America/Chicago,US,CST,11765458800,-21600,0
America/Chicago,US,CDT,11776953600,-18000,1
America/Chicago,US,CST,11797513200,-21600,0
America/Chicago,US,CDT,11808403200,-18000,1
America/Chicago,US,CST,11828962800,-21600,0
America/Chicago,US,CDT,11839852800,-18000,1
America/Chicago,US,CST,11860412400,-21600,0
America/Chicago,US,CDT,11871302400,-18000,1
America/Chicago,US,CST,11891862000,-21600,0
America/Chicago,US,CDT,11902752000,-18000,1
America/Chicago,US,CST,11923311600,-21600,0
America/Chicago,US,CDT,11934806400,-18000,1
America/Chicago,US,CST,11955366000,-21600,0
America/Chicago,US,CDT,11966256000,-18000,1
America/Chicago,US,CST,11986815600,-21600,0
America/Chicago,US,CDT,11997705600,-18000,1
America/Chicago,US,CST,12018265200,-21600,0
America/Chicago,US,CDT,12029155200,-18000,1
America/Chicago,US,CST,12049714800,-21600,0
America/Chicago,US,CDT,12060604800,-18000,1
America/Chicago,US,CST,12081164400,-21600,0
America/Chicago,US,CDT,12092054400,-18000,1
America/Chicago,US,CST,12112614000,-21600,0
America/Chicago,US,CDT,12124108800,-18000,1
America/Chicago,US,CST,12144668400,-21600,0
America/Chicago,US,CDT,12155558400,-18000,1
America/Chicago,US,CST,12176118000,-21600,0
America/Chicago,US,CDT,12187008000,-18000,1
America/Chicago,US,CST,12207567600,-21600,0
America/Chicago,US,CDT,12218457600,-18000,1
America/Chicago,US,CST,12239017200,-21600,0
America/Chicago,US,CDT,12249907200,-18000,1
America/Chicago,US,CST,12270466800,-21600,0
America/Chicago,US,CDT,12281356800,-18000,1
America/Chicago,US,CST,12301916400,-21600,0
America/Chicago,US,CDT,12313411200,-18000,1
America/Chicago,US,CST,12333970800,-21600,0
America/Chicago,US,CDT,12344860800,-18000,1
America/Chicago,US,CST,12365420400,-21600,0
America/Chicago,US,CDT,12376310400,-18000,1
America/Chicago,US,CST,12396870000,-21600,0
America/Chicago,US,CDT,12407760000,-18000,1
America/Chicago,US,CST,12428319600,-21600,0
America/Chicago,US,CDT,12439209600,-18000,1
America/Chicago,US,CST,12459769200,-21600,0
America/Chicago,US,CDT,12471264000,-18000,1
America/Chicago,US,CST,12491823600,-21600,0
America/Chicago,US,CDT,12502713600,-18000,1
America/Chicago,US,CST,12523273200,-21600,0
America/Chicago,US,CDT,12534163200,-18000,1
America/Chicago,US,CST,12554722800,-21600,0
America/Chicago,US,CDT,12565612800,-18000,1
America/Chicago,US,CST,12586172400,-21600,0
America/Chicago,US,CDT,12597062400,-18000,1
America/Chicago,US,CST,12617622000,-21600,0
America/Chicago,US,CDT,12628512000,-18000,1
America/Chicago,US,CST,12649071600,-21600,0
America/Chicago,US,CDT,12660566400,-18000,1
America/Chicago,US,CST,12681126000,-21600,0
America/Chicago,US,CDT,12692016000,-18000,1
America/Chicago,US,CST,12712575600,-21600,0
America/Chicago,US,CDT,12723465600,-18000,1
America/Chicago,US,CST,12744025200,-21600,0
America/Chicago,US,CDT,12754915200,-18000,1
America/Chicago,US,CST,12775474800,-21600,0
America/Chicago,US,CDT,12786364800,-18000,1
America/Chicago,US,CST,12806924400,-21600,0
America/Chicago,US,CDT,12818419200,-18000,1
America/Chicago,US,CST,12838978800,-21600,0
America/Chicago,US,CDT,12849868800,-18000,1
America/Chicago,US,CST,12870428400,-21600,0
America/Chicago,US,CDT,12881318400,-18000,1
America/Chicago,US,CST,12901878000,-21600,0
America/Chicago,US,CDT,12912768000,-18000,1
America/Chicago,US,CST,12933327600,-21600,0
America/Chicago,US,CDT,12944217600,-18000,1
America/Chicago,US,CST,12964777200,-21600,0
America/Chicago,US,CDT,12975667200,-18000,1
America/Chicago,US,CST,12996226800,-21600,0
America/Chicago,US,CDT,13007721600,-18000,1
America/Chicago,US,CST,13028281200,-21600,0
America/Chicago,US,CDT,13039171200,-18000,1
America/Chicago,US,CST,13059730800,-21600,0
America/Chicago,US,CDT,13070620800,-18000,1
America/Chicago,US,CST,13091180400,-21600,0
America/Chicago,US,CDT,13102070400,-18000,1
America/Chicago,US,CST,13122630000,-21600,0
America/Chicago,US,CDT,13133520000,-18000,1
America/Chicago,US,CST,13154079600,-21600,0
America/Chicago,US,CDT,13164969600,-18000,1
America/Chicago,US,CST,13185529200,-21600,0
America/Chicago,US,CDT,13197024000,-18000,1
America/Chicago,US,CST,13217583600,-21600,0
America/Chicago,US,CDT,13228473600,-18000,1
America/Chicago,US,CST,13249033200,-21600,0
America/Chicago,US,CDT,13259923200,-18000,1
America/Chicago,US,CST,13280482800,-21600,0
America/Chicago,US,CDT,13291372800,-18000,1
America/Chicago,US,CST,13311932400,-21600,0
America/Chicago,US,CDT,13322822400,-18000,1
America/Chicago,US,CST,13343382000,-21600,0
America/Chicago,US,CDT,13354876800,-18000,1
America/Chicago,US,CST,13375436400,-21600,0
America/Chicago,US,CDT,13386326400,-18000,1
America/Chicago,US,CST,13406886000,-21600,0
America/Chicago,US,CDT,13417776000,-18000,1
America/Chicago,US,CST,13438335600,-21600,0
America/Chicago,US,CDT,13449225600,-18000,1
America/Chicago,US,CST,13469785200,-21600,0
America/Chicago,US,CDT,13480675200,-18000,1
America/Chicago,US,CST,13501234800,-21600,0
America/Chicago,US,CDT,13512124800,-18000,1
America/Chicago,US,CST,13532684400,-21600,0
America/Chicago,US,CDT,13544179200,-18000,1
America/Chicago,US,CST,13564738800,-21600,0
America/Chicago,US,CDT,13575628800,-18000,1
America/Chicago,US,CST,13596188400,-21600,0
America/Chicago,US,CDT,13607078400,-18000,1
America/Chicago,US,CST,13627638000,-21600,0
America/Chicago,US,CDT,13638528000,-18000,1
America/Chicago,US,CST,13659087600,-21600,0
America/Chicago,US,CDT,13669977600,-18000,1
America/Chicago,US,CST,13690537200,-21600,0
America/Chicago,US,CDT,13702032000,-18000,1
America/Chicago,US,CST,13722591600,-21600,0
America/Chicago,US,CDT,13733481600,-18000,1
America/Chicago,US,CST,13754041200,-21600,0
America/Chicago,US,CDT,13764931200,-18000,1
America/Chicago,US,CST,13785490800,-21600,0
America/Chicago,US,CDT,13796380800,-18000,1
America/Chicago,US,CST,13816940400,-21600,0
America/Chicago,US,CDT,13827830400,-18000,1
America/Chicago,US,CST,13848390000,-21600,0
America/Chicago,US,CDT,13859280000,-18000,1
America/Chicago,US,CST,13879839600,-21600,0
America/Chicago,US,CDT,13891334400,-18000,1
America/Chicago,US,CST,13911894000,-21600,0
America/Chicago,US,CDT,13922784000,-18000,1
America/Chicago,US,CST,13943343600,-21600,0
America/Chicago,US,CDT,13954233600,-18000,1
America/Chicago,US,CST,13974793200,-21600,0
America/Chicago,US,CDT,13985683200,-18000,1
America/Chicago,US,CST,14006242800,-21600,0
America/Chicago,US,CDT,14017132800,-18000,1
America/Chicago,US,CST,14037692400,-21600,0
America/Chicago,US,CDT,14048582400,-18000,1
America/Chicago,US,CST,14069142000,-21600,0
America/Chicago,US,CDT,14080636800,-18000,1
America/Chicago,US,CST,14101196400,-21600,0
America/Chicago,US,CDT,14112086400,-18000,1
America/Chicago,US,CST,14132646000,-21600,0
America/Chicago,US,CDT,14143536000,-18000,1
America/Chicago,US,CST,14164095600,-21600,0
America/Chicago,US,CDT,14174985600,-18000,1
America/Chicago,US,CST,14195545200,-21600,0
America/Chicago,US,CDT,14206435200,-18000,1
America/Chicago,US,CST,14226994800,-21600,0
America/Chicago,US,CDT,14238489600,-18000,1
America/Chicago,US,CST,14259049200,-21600,0
America/Chicago,US,CDT,14269939200,-18000,1
America/Chicago,US,CST,14290498800,-21600,0
America/Chicago,US,CDT,14301388800,-18000,1
America/Chicago,US,CST,14321948400,-21600,0
America/Chicago,US,CDT,14332838400,-18000,1
America/Chicago,US,CST,14353398000,-21600,0
America/Chicago,US,CDT,14364288000,-18000,1
America/Chicago,US,CST,14384847600,-21600,0
America/Chicago,US,CDT,14395737600,-18000,1
America/Chicago,US,CST,14416297200,-21600,0
America/Chicago,US,CDT,14427792000,-18000,1
America/Chicago,US,CST,14448351600,-21600,0
America/Chicago,US,CDT,14459241600,-18000,1
America/Chicago,US,CST,14479801200,-21600,0
America/Chicago,US,CDT,14490691200,-18000,1
America/Chicago,US,CST,14511250800,-21600,0
America/Chicago,US,CDT,14522140800,-18000,1
America/Chicago,US,CST,14542700400,-21600,0
America/Chicago,US,CDT,14553590400,-18000,1
America/Chicago,US,CST,14574150000,-21600,0
America/Chicago,US,CDT,14585644800,-18000,1
America/Chicago,US,CST,14606204400,-21600,0
America/Chicago,US,CDT,14617094400,-18000,1
America/Chicago,US,CST,14637654000,-21600,0
America/Chicago,US,CDT,14648544000,-18000,1
America/Chicago,US,CST,14669103600,-21600,0
America/Chicago,US,CDT,14679993600,-18000,1
America/Chicago,US,CST,14700553200,-21600,0
America/Chicago,US,CDT,14711443200,-18000,1
America/Chicago,US,CST,14732002800,-21600,0
America/Chicago,US,CDT,14742892800,-18000,1
America/Chicago,US,CST,14763452400,-21600,0
America/Chicago,US,CDT,14774947200,-18000,1
America/Chicago,US,CST,14795506800,-21600,0
America/Chicago,US,CDT,14806396800,-18000,1
America/Chicago,US,CST,14826956400,-21600,0
America/Chicago,US,CDT,14837846400,-18000,1
America/Chicago,US,CST,14858406000,-21600,0
America/Chicago,US,CDT,14869296000,-18000,1
America/Chicago,US,CST,14889855600,-21600,0
America/Chicago,US,CDT,14900745600,-18000,1
America/Chicago,US,CST,14921305200,-21600,0
America/Chicago,US,CDT,14932195200,-18000,1
America/Chicago,US,CST,14952754800,-21600,0
America/Chicago,US,CDT,14964249600,-18000,1
America/Chicago,US,CST,14984809200,-21600,0
America/Chicago,US,CDT,14995699200,-18000,1
America/Chicago,US,CST,15016258800,-21600,0
America/Chicago,US,CDT,15027148800,-18000,1
America/Chicago,US,CST,15047708400,-21600,0
America/Chicago,US,CDT,15058598400,-18000,1
America/Chicago,US,CST,15079158000,-21600,0
America/Chicago,US,CDT,15090048000,-18000,1
America/Chicago,US,CST,15110607600,-21600,0
America/Chicago,US,CDT,15122102400,-18000,1
America/Chicago,US,CST,15142662000,-21600,0
America/Chicago,US,CDT,15153552000,-18000,1
America/Chicago,US,CST,15174111600,-21600,0
America/Chicago,US,CDT,15185001600,-18000,1
America/Chicago,US,CST,15205561200,-21600,0
America/Chicago,US,CDT,15216451200,-18000,1
America/Chicago,US,CST,15237010800,-21600,0
America/Chicago,US,CDT,15247900800,-18000,1
America/Chicago,US,CST,15268460400,-21600,0
America/Chicago,US,CDT,15279350400,-18000,1
America/Chicago,US,CST,15299910000,-21600,0
America/Chicago,US,CDT,15311404800,-18000,1
America/Chicago,US,CST,15331964400,-21600,0
America/Chicago,US,CDT,15342854400,-18000,1
America/Chicago,US,CST,15363414000,-21600,0
America/Chicago,US,CDT,15374304000,-18000,1
America/Chicago,US,CST,15394863600,-21600,0
America/Chicago,US,CDT,15405753600,-18000,1
America/Chicago,US,CST,15426313200,-21600,0
America/Chicago,US,CDT,15437203200,-18000,1
America/Chicago,US,CST,15457762800,-21600,0
America/Chicago,US,CDT,15469257600,-18000,1
America/Chicago,US,CST,15489817200,-21600,0
America/Chicago,US,CDT,15500707200,-18000,1
America/Chicago,US,CST,15521266800,-21600,0
America/Chicago,US,CDT,15532156800,-18000,1
America/Chicago,US,CST,15552716400,-21600,0
America/Chicago,US,CDT,15563606400,-18000,1
America/Chicago,US,CST,15584166000,-21600,0
America/Chicago,US,CDT,15595056000,-18000,1
America/Chicago,US,CST,15615615600,-21600,0
America/Chicago,US,CDT,15626505600,-18000,1
America/Chicago,US,CST,15647065200,-21600,0
America/Chicago,US,CDT,15658560000,-18000,1
America/Chicago,US,CST,15679119600,-21600,0
America/Chicago,US,CDT,15690009600,-18000,1
America/Chicago,US,CST,15710569200,-21600,0
America/Chicago,US,CDT,15721459200,-18000,1
America/Chicago,US,CST,15742018800,-21600,0
America/Chicago,US,CDT,15752908800,-18000,1
America/Chicago,US,CST,15773468400,-21600,0
America/Chicago,US,CDT,15784358400,-18000,1
America/Chicago,US,CST,15804918000,-21600,0
America/Chicago,US,CDT,15815808000,-18000,1
America/Chicago,US,CST,15836367600,-21600,0
America/Chicago,US,CDT,15847862400,-18000,1
America/Chicago,US,CST,15868422000,-21600,0
America/Chicago,US,CDT,15879312000,-18000,1
America/Chicago,US,CST,15899871600,-21600,0
America/Chicago,US,CDT,15910761600,-18000,1
America/Chicago,US,CST,15931321200,-21600,0
America/Chicago,US,CDT,15942211200,-18000,1
America/Chicago,US,CST,15962770800,-21600,0
America/Chicago,US,CDT,15973660800,-18000,1
America/Chicago,US,CST,15994220400,-21600,0
America/Chicago,US,CDT,16005715200,-18000,1
America/Chicago,US,CST,16026274800,-21600,0
America/Chicago,US,CDT,16037164800,-18000,1
America/Chicago,US,CST,16057724400,-21600,0
America/Chicago,US,CDT,16068614400,-18000,1
America/Chicago,US,CST,16089174000,-21600,0
America/Chicago,US,CDT,16100064000,-18000,1
America/Chicago,US,CST,16120623600,-21600,0
America/Chicago,US,CDT,16131513600,-18000,1
America/Chicago,US,CST,16152073200,-21600,0
America/Chicago,US,CDT,16162963200,-18000,1
America/Chicago,US,CST,16183522800,-21600,0
America/Chicago,US,CDT,16195017600,-18000,1
America/Chicago,US,CST,16215577200,-21600,0
America/Chicago,US,CDT,16226467200,-18000,1
America/Chicago,US,CST,16247026800,-21600,0
America/Chicago,US,CDT,16257916800,-18000,1
America/Chicago,US,CST,16278476400,-21600,0
America/Chicago,US,CDT,16289366400,-18000,1
America/Chicago,US,CST,16309926000,-21600,0
America/Chicago,US,CDT,16320816000,-18000,1
America/Chicago,US,CST,16341375600,-21600,0
America/Chicago,US,CDT,16352870400,-18000,1
America/Chicago,US,CST,16373430000,-21600,0
America/Chicago,US,CDT,16384320000,-18000,1
America/Chicago,US,CST,16404879600,-21600,0
America/Chicago,US,CDT,16415769600,-18000,1
America/Chicago,US,CST,16436329200,-21600,0
America/Chicago,US,CDT,16447219200,-18000,1
America/Chicago,US,CST,16467778800,-21600,0
America/Chicago,US,CDT,16478668800,-18000,1
America/Chicago,US,CST,16499228400,-21600,0
America/Chicago,US,CDT,16510118400,-18000,1
America/Chicago,US,CST,16530678000,-21600,0
America/Chicago,US,CDT,16542172800,-18000,1
America/Chicago,US,CST,16562732400,-21600,0
America/Chicago,US,CDT,16573622400,-18000,1
America/Chicago,US,CST,16594182000,-21600,0
America/Chicago,US,CDT,16605072000,-18000,1
America/Chicago,US,CST,16625631600,-21600,0
America/Chicago,US,CDT,16636521600,-18000,1
America/Chicago,US,CST,16657081200,-21600,0
America/Chicago,US,CDT,16667971200,-18000,1
America/Chicago,US,CST,16688530800,-21600,0
America/Chicago,US,CDT,16699420800,-18000,1
America/Chicago,US,CST,16719980400,-21600,0
