id,zone_name,country_code,abbreviation,time_start,gmt_offset,dst
9520,America/Chicago,US,CST,-2717647200,-21600,0
9521,America/Chicago,US,CDT,-1633276800,-18000,1
9522,America/Chicago,US,CST,-1615136400,-21600,0
9523,America/Chicago,US,CDT,-1601827200,-18000,1
9524,America/Chicago,US,CST,-1583686800,-21600,0
9525,America/Chicago,US,CDT,-1563724800,-18000,1
9526,America/Chicago,US,CST,-1551632400,-21600,0
9527,America/Chicago,US,CDT,-1538928000,-18000,1
9528,America/Chicago,US,CST,-1520182800,-21600,0
9529,America/Chicago,US,CDT,-1504454400,-18000,1
9530,America/Chicago,US,CST,-1491757200,-21600,0
9531,America/Chicago,US,CDT,-1473004800,-18000,1
9532,America/Chicago,US,CST,-1459702800,-21600,0
9533,America/Chicago,US,CDT,-1441555200,-18000,1
9534,America/Chicago,US,CST,-1428253200,-21600,0
9535,America/Chicago,US,CDT,-1410105600,-18000,1
9536,America/Chicago,US,CST,-1396803600,-21600,0
9537,America/Chicago,US,CDT,-1378656000,-18000,1
9538,America/Chicago,US,CST,-1365354000,-21600,0
9539,America/Chicago,US,CDT,-1347206400,-18000,1
9540,America/Chicago,US,CST,-1333904400,-21600,0
9541,America/Chicago,US,CDT,-1315152000,-18000,1
9542,America/Chicago,US,CST,-1301850000,-21600,0
9543,America/Chicago,US,CDT,-1283702400,-18000,1
9544,America/Chicago,US,CST,-1270400400,-21600,0
9545,America/Chicago,US,CDT,-1252252800,-18000,1
9546,America/Chicago,US,CST,-1238950800,-21600,0
9547,America/Chicago,US,CDT,-1220803200,-18000,1
9548,America/Chicago,US,CST,-1207501200,-21600,0
9549,America/Chicago,US,CDT,-1189353600,-18000,1
9550,America/Chicago,US,CST,-1176051600,-21600,0
9551,America/Chicago,US,CDT,-1157299200,-18000,1
9552,America/Chicago,US,CST,-1144602000,-21600,0
9553,America/Chicago,US,CDT,-1125849600,-18000,1
9554,America/Chicago,US,CST,-1112547600,-21600,0
9555,America/Chicago,US,CDT,-1094400000,-18000,1
9556,America/Chicago,US,CST,-1081098000,-21600,0
9558,America/Chicago,US,CST,-1045414800,-21600,0
9559,America/Chicago,US,CDT,-1031500800,-18000,1
9560,America/Chicago,US,CST,-1018198800,-21600,0
9561,America/Chicago,US,CDT,-1000051200,-18000,1
9562,America/Chicago,US,CST,-986749200,-21600,0
9563,America/Chicago,US,CDT,-967996800,-18000,1
9564,America/Chicago,US,CST,-955299600,-21600,0
9565,America/Chicago,US,CDT,-936547200,-18000,1
9566,America/Chicago,US,CST,-923245200,-21600,0
9567,America/Chicago,US,CDT,-905097600,-18000,1
9568,America/Chicago,US,CST,-891795600,-21600,0
9571,America/Chicago,US,CST,-765392400,-21600,0
9572,America/Chicago,US,CDT,-747244800,-18000,1
9573,America/Chicago,US,CST,-733942800,-21600,0
9574,America/Chicago,US,CDT,-715795200,-18000,1
9575,America/Chicago,US,CST,-702493200,-21600,0
9576,America/Chicago,US,CDT,-684345600,-18000,1
9577,America/Chicago,US,CST,-671043600,-21600,0
9578,America/Chicago,US,CDT,-652896000,-18000,1
9579,America/Chicago,US,CST,-639594000,-21600,0
9580,America/Chicago,US,CDT,-620841600,-18000,1
9581,America/Chicago,US,CST,-608144400,-21600,0
9582,America/Chicago,US,CDT,-589392000,-18000,1
9583,America/Chicago,US,CST,-576090000,-21600,0
9584,America/Chicago,US,CDT,-557942400,-18000,1
9585,America/Chicago,US,CST,-544640400,-21600,0
9586,America/Chicago,US,CDT,-526492800,-18000,1
9587,America/Chicago,US,CST,-513190800,-21600,0
9588,America/Chicago,US,CDT,-495043200,-18000,1
9589,America/Chicago,US,CST,-481741200,-21600,0
9590,America/Chicago,US,CDT,-463593600,-18000,1
9591,America/Chicago,US,CST,-447267600,-21600,0
9592,America/Chicago,US,CDT,-431539200,-18000,1
9593,America/Chicago,US,CST,-415818000,-21600,0
9594,America/Chicago,US,CDT,-400089600,-18000,1
9595,America/Chicago,US,CST,-384368400,-21600,0
9596,America/Chicago,US,CDT,-368640000,-18000,1
9597,America/Chicago,US,CST,-352918800,-21600,0
9598,America/Chicago,US,CDT,-337190400,-18000,1
9599,America/Chicago,US,CST,-321469200,-21600,0
9600,America/Chicago,US,CDT,-305740800,-18000,1
9601,America/Chicago,US,CST,-289414800,-21600,0
9602,America/Chicago,US,CDT,-273686400,-18000,1
9603,America/Chicago,US,CST,-257965200,-21600,0
9604,America/Chicago,US,CDT,-242236800,-18000,1
9605,America/Chicago,US,CST,-226515600,-21600,0
9606,America/Chicago,US,CDT,-210787200,-18000,1
9607,America/Chicago,US,CST,-195066000,-21600,0
9608,America/Chicago,US,CDT,-179337600,-18000,1
9609,America/Chicago,US,CST,-163616400,-21600,0
9610,America/Chicago,US,CDT,-147888000,-18000,1
9611,America/Chicago,US,CST,-131562000,-21600,0
9612,America/Chicago,US,CDT,-116438400,-18000,1
9613,America/Chicago,US,CST,-100112400,-21600,0
9614,America/Chicago,US,CDT,-84384000,-18000,1
9615,America/Chicago,US,CST,-68662800,-21600,0
9616,America/Chicago,US,CDT,-52934400,-18000,1
9617,America/Chicago,US,CST,-37213200,-21600,0
9618,America/Chicago,US,CDT,-21484800,-18000,1
9619,America/Chicago,US,CST,-5763600,-21600,0
9620,America/Chicago,US,CDT,9964800,-18000,1
9621,America/Chicago,US,CST,25686000,-21600,0
9622,America/Chicago,US,CDT,41414400,-18000,1
9623,America/Chicago,US,CST,57740400,-21600,0
9624,America/Chicago,US,CDT,73468800,-18000,1
9625,America/Chicago,US,CST,89190000,-21600,0
9626,America/Chicago,US,CDT,104918400,-18000,1
9627,America/Chicago,US,CST,120639600,-21600,0
9628,America/Chicago,US,CDT,126691200,-18000,1
9629,America/Chicago,US,CST,152089200,-21600,0
9630,America/Chicago,US,CDT,162374400,-18000,1
9631,America/Chicago,US,CST,183538800,-21600,0
9632,America/Chicago,US,CDT,199267200,-18000,1
9633,America/Chicago,US,CST,215593200,-21600,0
9634,America/Chicago,US,CDT,230716800,-18000,1
9635,America/Chicago,US,CST,247042800,-21600,0
9636,America/Chicago,US,CDT,262771200,-18000,1
9637,America/Chicago,US,CST,278492400,-21600,0
9638,America/Chicago,US,CDT,294220800,-18000,1
9639,America/Chicago,US,CST,309942000,-21600,0
9640,America/Chicago,US,CDT,325670400,-18000,1
9641,America/Chicago,US,CST,341391600,-21600,0
9642,America/Chicago,US,CDT,357120000,-18000,1
9643,America/Chicago,US,CST,372841200,-21600,0
9644,America/Chicago,US,CDT,388569600,-18000,1
9645,America/Chicago,US,CST,404895600,-21600,0
9646,America/Chicago,US,CDT,420019200,-18000,1
9647,America/Chicago,US,CST,436345200,-21600,0
9648,America/Chicago,US,CDT,452073600,-18000,1
9649,America/Chicago,US,CST,467794800,-21600,0
9650,America/Chicago,US,CDT,483523200,-18000,1
9651,America/Chicago,US,CST,499244400,-21600,0
9652,America/Chicago,US,CDT,514972800,-18000,1
9653,America/Chicago,US,CST,530694000,-21600,0
9654,America/Chicago,US,CDT,544608000,-18000,1
9655,America/Chicago,US,CST,562143600,-21600,0
9656,America/Chicago,US,CDT,576057600,-18000,1
9657,America/Chicago,US,CST,594198000,-21600,0
9658,America/Chicago,US,CDT,607507200,-18000,1
9659,America/Chicago,US,CST,625647600,-21600,0
9660,America/Chicago,US,CDT,638956800,-18000,1
9661,America/Chicago,US,CST,657097200,-21600,0
9662,America/Chicago,US,CDT,671011200,-18000,1
9663,America/Chicago,US,CST,688546800,-21600,0
9664,America/Chicago,US,CDT,702460800,-18000,1
9665,America/Chicago,US,CST,719996400,-21600,0
9666,America/Chicago,US,CDT,733910400,-18000,1
9667,America/Chicago,US,CST,752050800,-21600,0
9668,America/Chicago,US,CDT,765360000,-18000,1
9669,America/Chicago,US,CST,783500400,-21600,0
9670,America/Chicago,US,CDT,796809600,-18000,1
9671,America/Chicago,US,CST,814950000,-21600,0
9672,America/Chicago,US,CDT,828864000,-18000,1
9673,America/Chicago,US,CST,846399600,-21600,0
9674,America/Chicago,US,CDT,860313600,-18000,1
9675,America/Chicago,US,CST,877849200,-21600,0
9676,America/Chicago,US,CDT,891763200,-18000,1
9677,America/Chicago,US,CST,909298800,-21600,0
9678,America/Chicago,US,CDT,923212800,-18000,1
9679,America/Chicago,US,CST,941353200,-21600,0
9680,America/Chicago,US,CDT,954662400,-18000,1
9681,America/Chicago,US,CST,972802800,-21600,0
9682,America/Chicago,US,CDT,986112000,-18000,1
9683,America/Chicago,US,CST,1004252400,-21600,0
9684,America/Chicago,US,CDT,1018166400,-18000,1
9685,America/Chicago,US,CST,1035702000,-21600,0
9686,America/Chicago,US,CDT,1049616000,-18000,1
9687,America/Chicago,US,CST,1067151600,-21600,0
9688,America/Chicago,US,CDT,1081065600,-18000,1
9689,America/Chicago,US,CST,1099206000,-21600,0
9690,America/Chicago,US,CDT,1112515200,-18000,1
9691,America/Chicago,US,CST,1130655600,-21600,0
9692,America/Chicago,US,CDT,1143964800,-18000,1
9693,America/Chicago,US,CST,1162105200,-21600,0
9694,America/Chicago,US,CDT,1173600000,-18000,1
9695,America/Chicago,US,CST,1194159600,-21600,0
9696,America/Chicago,US,CDT,1205049600,-18000,1
9697,America/Chicago,US,CST,1225609200,-21600,0
9698,America/Chicago,US,CDT,1236499200,-18000,1
9699,America/Chicago,US,CST,1257058800,-21600,0
9700,America/Chicago,US,CDT,1268553600,-18000,1
9701,America/Chicago,US,CST,1289113200,-21600,0
9702,America/Chicago,US,CDT,1300003200,-18000,1
9703,America/Chicago,US,CST,1320562800,-21600,0
9704,America/Chicago,US,CDT,1331452800,-18000,1
9705,America/Chicago,US,CST,1352012400,-21600,0
9706,America/Chicago,US,CDT,1362902400,-18000,1
9707,America/Chicago,US,CST,1383462000,-21600,0
9708,America/Chicago,US,CDT,1394352000,-18000,1
9709,America/Chicago,US,CST,1414911600,-21600,0
9710,America/Chicago,US,CDT,1425801600,-18000,1
9711,America/Chicago,US,CST,1446361200,-21600,0
9712,America/Chicago,US,CDT,1457856000,-18000,1
9713,America/Chicago,US,CST,1478415600,-21600,0
9714,America/Chicago,US,CDT,1489305600,-18000,1
9715,America/Chicago,US,CST,1509865200,-21600,0
9716,America/Chicago,US,CDT,1520755200,-18000,1
9717,America/Chicago,US,CST,1541314800,-21600,0
9718,America/Chicago,US,CDT,1552204800,-18000,1
9719,America/Chicago,US,CST,1572764400,-21600,0
9720,America/Chicago,US,CDT,1583654400,-18000,1
9721,America/Chicago,US,CST,1604214000,-21600,0
9722,America/Chicago,US,CDT,1615708800,-18000,1
9723,America/Chicago,US,CST,1636268400,-21600,0
9724,America/Chicago,US,CDT,1647158400,-18000,1
9725,America/Chicago,US,CST,1667718000,-21600,0
9726,America/Chicago,US,CDT,1678608000,-18000,1
9727,America/Chicago,US,CST,1699167600,-21600,0
9728,America/Chicago,US,CDT,1710057600,-18000,1
9729,America/Chicago,US,CST,1730617200,-21600,0
9730,America/Chicago,US,CDT,1741507200,-18000,1
9731,America/Chicago,US,CST,1762066800,-21600,0
9732,America/Chicago,US,CDT,1772956800,-18000,1
9733,America/Chicago,US,CST,1793516400,-21600,0
9734,America/Chicago,US,CDT,1805011200,-18000,1
9735,America/Chicago,US,CST,1825570800,-21600,0
9736,America/Chicago,US,CDT,1836460800,-18000,1
9737,America/Chicago,US,CST,1857020400,-21600,0
9738,America/Chicago,US,CDT,1867910400,-18000,1
9739,America/Chicago,US,CST,1888470000,-21600,0
9740,America/Chicago,US,CDT,1899360000,-18000,1
9741,America/Chicago,US,CST,1919919600,-21600,0
9742,America/Chicago,US,CDT,1930809600,-18000,1
9743,America/Chicago,US,CST,1951369200,-21600,0
9744,America/Chicago,US,CDT,1962864000,-18000,1
9745,America/Chicago,US,CST,1983423600,-21600,0
9746,America/Chicago,US,CDT,1994313600,-18000,1
9747,America/Chicago,US,CST,2014873200,-21600,0
9748,America/Chicago,US,CDT,2025763200,-18000,1
9749,America/Chicago,US,CST,2046322800,-21600,0
9750,America/Chicago,US,CDT,2057212800,-18000,1
9751,America/Chicago,US,CST,2077772400,-21600,0
9752,America/Chicago,US,CDT,2088662400,-18000,1
9753,America/Chicago,US,CST,2109222000,-21600,0
9754,America/Chicago,US,CDT,2120112000,-18000,1
9755,America/Chicago,US,CST,2140671600,-21600,0
9756,America/Chicago,US,CDT,2152166400,-18000,1
9757,America/Chicago,US,CST,2172726000,-21600,0
9758,America/Chicago,US,CDT,2183616000,-18000,1
9759,America/Chicago,US,CST,2204175600,-21600,0
9760,America/Chicago,US,CDT,2215065600,-18000,1
9761,America/Chicago,US,CST,2235625200,-21600,0
9762,America/Chicago,US,CDT,2246515200,-18000,1
9763,America/Chicago,US,CST,2267074800,-21600,0
9764,America/Chicago,US,CDT,2277964800,-18000,1
9765,America/Chicago,US,CST,2298524400,-21600,0
9766,America/Chicago,US,CDT,2309414400,-18000,1
9767,America/Chicago,US,CST,2329974000,-21600,0
9768,America/Chicago,US,CDT,2341468800,-18000,1
9769,America/Chicago,US,CST,2362028400,-21600,0
9770,America/Chicago,US,CDT,2372918400,-18000,1
9771,America/Chicago,US,CST,2393478000,-21600,0
9772,America/Chicago,US,CDT,2404368000,-18000,1
9773,America/Chicago,US,CST,2424927600,-21600,0
9774,America/Chicago,US,CDT,2435817600,-18000,1
9775,America/Chicago,US,CST,2456377200,-21600,0
9776,America/Chicago,US,CDT,2467267200,-18000,1
9777,America/Chicago,US,CST,2487826800,-21600,0
9778,America/Chicago,US,CDT,2499321600,-18000,1
9779,America/Chicago,US,CST,2519881200,-21600,0
9780,America/Chicago,US,CDT,2530771200,-18000,1
9781,America/Chicago,US,CST,2551330800,-21600,0
9782,America/Chicago,US,CDT,2562220800,-18000,1
9783,America/Chicago,US,CST,2582780400,-21600,0
9784,America/Chicago,US,CDT,2593670400,-18000,1
9785,America/Chicago,US,CST,2614230000,-21600,0
9786,America/Chicago,US,CDT,2625120000,-18000,1
9787,America/Chicago,US,CST,2645679600,-21600,0
9788,America/Chicago,US,CDT,2656569600,-18000,1
9789,America/Chicago,US,CST,2677129200,-21600,0
9790,America/Chicago,US,CDT,2688624000,-18000,1
9791,America/Chicago,US,CST,2709183600,-21600,0
9792,America/Chicago,US,CDT,2720073600,-18000,1
9793,America/Chicago,US,CST,2740633200,-21600,0
9794,America/Chicago,US,CDT,2751523200,-18000,1
9795,America/Chicago,US,CST,2772082800,-21600,0
9796,America/Chicago,US,CDT,2782972800,-18000,1
9797,America/Chicago,US,CST,2803532400,-21600,0
9798,America/Chicago,US,CDT,2814422400,-18000,1
9799,America/Chicago,US,CST,2834982000,-21600,0
9800,America/Chicago,US,CDT,2846476800,-18000,1
9801,America/Chicago,US,CST,2867036400,-21600,0
9802,America/Chicago,US,CDT,2877926400,-18000,1
9803,America/Chicago,US,CST,2898486000,-21600,0
9804,America/Chicago,US,CDT,2909376000,-18000,1
9805,America/Chicago,US,CST,2929935600,-21600,0
9806,America/Chicago,US,CDT,2940825600,-18000,1
9807,America/Chicago,US,CST,2961385200,-21600,0
9808,America/Chicago,US,CDT,2972275200,-18000,1
9809,America/Chicago,US,CST,2992834800,-21600,0
9810,America/Chicago,US,CDT,3003724800,-18000,1
9811,America/Chicago,US,CST,3024284400,-21600,0
9812,America/Chicago,US,CDT,3035779200,-18000,1
9813,America/Chicago,US,CST,3056338800,-21600,0
9814,America/Chicago,US,CDT,3067228800,-18000,1
9815,America/Chicago,US,CST,3087788400,-21600,0
9816,America/Chicago,US,CDT,3098678400,-18000,1
9817,America/Chicago,US,CST,3119238000,-21600,0
9818,America/Chicago,US,CDT,3130128000,-18000,1
9819,America/Chicago,US,CST,3150687600,-21600,0
9820,America/Chicago,US,CDT,3161577600,-18000,1
9821,America/Chicago,US,CST,3182137200,-21600,0
9822,America/Chicago,US,CDT,3193027200,-18000,1
9823,America/Chicago,US,CST,3213586800,-21600,0
9824,America/Chicago,US,CDT,3225081600,-18000,1
9825,America/Chicago,US,CST,3245641200,-21600,0
9826,America/Chicago,US,CDT,3256531200,-18000,1
9827,America/Chicago,US,CST,3277090800,-21600,0
9828,America/Chicago,US,CDT,3287980800,-18000,1
9829,America/Chicago,US,CST,3308540400,-21600,0
9830,America/Chicago,US,CDT,3319430400,-18000,1
9831,America/Chicago,US,CST,3339990000,-21600,0
9832,America/Chicago,US,CDT,3350880000,-18000,1
9833,America/Chicago,US,CST,3371439600,-21600,0
9834,America/Chicago,US,CDT,3382934400,-18000,1
9835,America/Chicago,US,CST,3403494000,-21600,0
9836,America/Chicago,US,CDT,3414384000,-18000,1
9837,America/Chicago,US,CST,3434943600,-21600,0
9838,America/Chicago,US,CDT,3445833600,-18000,1
9839,America/Chicago,US,CST,3466393200,-21600,0
9840,America/Chicago,US,CDT,3477283200,-18000,1
9841,America/Chicago,US,CST,3497842800,-21600,0
9842,America/Chicago,US,CDT,3508732800,-18000,1
9843,America/Chicago,US,CST,3529292400,-21600,0
9844,America/Chicago,US,CDT,3540182400,-18000,1
9845,America/Chicago,US,CST,3560742000,-21600,0
9846,America/Chicago,US,CDT,3572236800,-18000,1
9847,America/Chicago,US,CST,3592796400,-21600,0
9848,America/Chicago,US,CDT,3603686400,-18000,1
9849,America/Chicago,US,CST,3624246000,-21600,0
9850,America/Chicago,US,CDT,3635136000,-18000,1
9851,America/Chicago,US,CST,3655695600,-21600,0
9852,America/Chicago,US,CDT,3666585600,-18000,1
9853,America/Chicago,US,CST,3687145200,-21600,0
9854,America/Chicago,US,CDT,3698035200,-18000,1
9855,America/Chicago,US,CST,3718594800,-21600,0
9856,America/Chicago,US,CDT,3730089600,-18000,1
9857,America/Chicago,US,CST,3750649200,-21600,0
9858,America/Chicago,US,CDT,3761539200,-18000,1
9859,America/Chicago,US,CST,3782098800,-21600,0
9860,America/Chicago,US,CDT,3792988800,-18000,1
9861,America/Chicago,US,CST,3813548400,-21600,0
9862,America/Chicago,US,CDT,3824438400,-18000,1
9863,America/Chicago,US,CST,3844998000,-21600,0
9864,America/Chicago,US,CDT,3855888000,-18000,1
9865,America/Chicago,US,CST,3876447600,-21600,0
9866,America/Chicago,US,CDT,3887337600,-18000,1
9867,America/Chicago,US,CST,3907897200,-21600,0
9868,America/Chicago,US,CDT,3919392000,-18000,1
9869,America/Chicago,US,CST,3939951600,-21600,0
9870,America/Chicago,US,CDT,3950841600,-18000,1
9871,America/Chicago,US,CST,3971401200,-21600,0
9872,America/Chicago,US,CDT,3982291200,-18000,1
9873,America/Chicago,US,CST,4002850800,-21600,0
9874,America/Chicago,US,CDT,4013740800,-18000,1
9875,America/Chicago,US,CST,4034300400,-21600,0
9876,America/Chicago,US,CDT,4045190400,-18000,1
9877,America/Chicago,US,CST,4065750000,-21600,0
9878,America/Chicago,US,CDT,4076640000,-18000,1
9879,America/Chicago,US,CST,4097199600,-21600,0
9880,America/Chicago,US,CDT,4108694400,-18000,1
9881,America/Chicago,US,CST,4129254000,-21600,0
9882,America/Chicago,US,CDT,4140144000,-18000,1
9883,America/Chicago,US,CST,4160703600,-21600,0
9884,America/Chicago,US,CDT,4171593600,-18000,1
9885,America/Chicago,US,CST,4192153200,-21600,0
9886,America/Chicago,US,CDT,4203043200,-18000,1
9887,America/Chicago,US,CST,4223602800,-21600,0
9888,America/Chicago,US,CDT,4234492800,-18000,1
9889,America/Chicago,US,CST,4255052400,-21600,0
9890,America/Chicago,US,CDT,4265942400,-18000,1
9891,America/Chicago,US,CST,4286502000,-21600,0
9892,America/Chicago,US,CDT,4297996800,-18000,1
9893,America/Chicago,US,CST,4318556400,-21600,0
9894,America/Chicago,US,CDT,4329446400,-18000,1
9895,America/Chicago,US,CST,4350006000,-21600,0
9896,America/Chicago,US,CDT,4360896000,-18000,1
9897,America/Chicago,US,CST,4381455600,-21600,0
9898,America/Chicago,US,CDT,4392345600,-18000,1
9899,America/Chicago,US,CST,4412905200,-21600,0
9900,America/Chicago,US,CDT,4423795200,-18000,1
9901,America/Chicago,US,CST,4444354800,-21600,0
9902,America/Chicago,US,CDT,4455244800,-18000,1
9903,America/Chicago,US,CST,4475804400,-21600,0
9904,America/Chicago,US,CDT,4487299200,-18000,1
9905,America/Chicago,US,CST,4507858800,-21600,0
9906,America/Chicago,US,CDT,4518748800,-18000,1
9907,America/Chicago,US,CST,4539308400,-21600,0
9908,America/Chicago,US,CDT,4550198400,-18000,1
9909,America/Chicago,US,CST,4570758000,-21600,0
9910,America/Chicago,US,CDT,4581648000,-18000,1
9911,America/Chicago,US,CST,4602207600,-21600,0
9912,America/Chicago,US,CDT,4613097600,-18000,1
9913,America/Chicago,US,CST,4633657200,-21600,0
9914,America/Chicago,US,CDT,4645152000,-18000,1
9915,America/Chicago,US,CST,4665711600,-21600,0
9916,America/Chicago,US,CDT,4676601600,-18000,1
9917,America/Chicago,US,CST,4697161200,-21600,0
9918,America/Chicago,US,CDT,4708051200,-18000,1
9919,America/Chicago,US,CST,4728610800,-21600,0
9920,America/Chicago,US,CDT,4739500800,-18000,1
9921,America/Chicago,US,CST,4760060400,-21600,0
9922,America/Chicago,US,CDT,4770950400,-18000,1
9923,America/Chicago,US,CST,4791510000,-21600,0
9924,America/Chicago,US,CDT,4802400000,-18000,1
9925,America/Chicago,US,CST,4822959600,-21600,0
9926,America/Chicago,US,CDT,4834454400,-18000,1
9927,America/Chicago,US,CST,4855014000,-21600,0
9928,America/Chicago,US,CDT,4865904000,-18000,1
9929,America/Chicago,US,CST,4886463600,-21600,0
9930,America/Chicago,US,CDT,4897353600,-18000,1
9931,America/Chicago,US,CST,4917913200,-21600,0
9932,America/Chicago,US,CDT,4928803200,-18000,1
9933,America/Chicago,US,CST,4949362800,-21600,0
9934,America/Chicago,US,CDT,4960252800,-18000,1
9935,America/Chicago,US,CST,4980812400,-21600,0
9936,America/Chicago,US,CDT,4992307200,-18000,1
9937,America/Chicago,US,CST,5012866800,-21600,0
9938,America/Chicago,US,CDT,5023756800,-18000,1
9939,America/Chicago,US,CST,5044316400,-21600,0
9940,America/Chicago,US,CDT,5055206400,-18000,1
9941,America/Chicago,US,CST,5075766000,-21600,0
9942,America/Chicago,US,CDT,5086656000,-18000,1
9943,America/Chicago,US,CST,5107215600,-21600,0
9944,America/Chicago,US,CDT,5118105600,-18000,1
9945,America/Chicago,US,CST,5138665200,-21600,0
9946,America/Chicago,US,CDT,5149555200,-18000,1
9947,America/Chicago,US,CST,5170114800,-21600,0
9948,America/Chicago,US,CDT,5181609600,-18000,1
9949,America/Chicago,US,CST,5202169200,-21600,0
9950,America/Chicago,US,CDT,5213059200,-18000,1
9951,America/Chicago,US,CST,5233618800,-21600,0
9952,America/Chicago,US,CDT,5244508800,-18000,1
9953,America/Chicago,US,CST,5265068400,-21600,0
9954,America/Chicago,US,CDT,5275958400,-18000,1
9955,America/Chicago,US,CST,5296518000,-21600,0
9956,America/Chicago,US,CDT,5307408000,-18000,1
9957,America/Chicago,US,CST,5327967600,-21600,0
9958,America/Chicago,US,CDT,5338857600,-18000,1
9959,America/Chicago,US,CST,5359417200,-21600,0
9960,America/Chicago,US,CDT,5370912000,-18000,1
9961,America/Chicago,US,CST,5391471600,-21600,0
9962,America/Chicago,US,CDT,5402361600,-18000,1
9963,America/Chicago,US,CST,5422921200,-21600,0
9964,America/Chicago,US,CDT,5433811200,-18000,1
9965,America/Chicago,US,CST,5454370800,-21600,0
9966,America/Chicago,US,CDT,5465260800,-18000,1
9967,America/Chicago,US,CST,5485820400,-21600,0
9968,America/Chicago,US,CDT,5496710400,-18000,1
9969,America/Chicago,US,CST,5517270000,-21600,0
9970,America/Chicago,US,CDT,5528764800,-18000,1
9971,America/Chicago,US,CST,5549324400,-21600,0
9972,America/Chicago,US,CDT,5560214400,-18000,1
9973,America/Chicago,US,CST,5580774000,-21600,0
9974,America/Chicago,US,CDT,5591664000,-18000,1
9975,America/Chicago,US,CST,5612223600,-21600,0
9976,America/Chicago,US,CDT,5623113600,-18000,1
9977,America/Chicago,US,CST,5643673200,-21600,0
9978,America/Chicago,US,CDT,5654563200,-18000,1
9979,America/Chicago,US,CST,5675122800,-21600,0
9980,America/Chicago,US,CDT,5686012800,-18000,1
9981,America/Chicago,US,CST,5706572400,-21600,0
9982,America/Chicago,US,CDT,5718067200,-18000,1
9983,America/Chicago,US,CST,5738626800,-21600,0
9984,America/Chicago,US,CDT,5749516800,-18000,1
9985,America/Chicago,US,CST,5770076400,-21600,0
9986,America/Chicago,US,CDT,5780966400,-18000,1
9987,America/Chicago,US,CST,5801526000,-21600,0
9988,America/Chicago,US,CDT,5812416000,-18000,1
9989,America/Chicago,US,CST,5832975600,-21600,0
9990,America/Chicago,US,CDT,5843865600,-18000,1
9991,America/Chicago,US,CST,5864425200,-21600,0
9992,America/Chicago,US,CDT,5875920000,-18000,1
9993,America/Chicago,US,CST,5896479600,-21600,0
9994,America/Chicago,US,CDT,5907369600,-18000,1
9995,America/Chicago,US,CST,5927929200,-21600,0
9996,America/Chicago,US,CDT,5938819200,-18000,1
9997,America/Chicago,US,CST,5959378800,-21600,0
9998,America/Chicago,US,CDT,5970268800,-18000,1
9999,America/Chicago,US,CST,5990828400,-21600,0
10000,America/Chicago,US,CDT,6001718400,-18000,1
10001,America/Chicago,US,CST,6022278000,-21600,0
10002,America/Chicago,US,CDT,6033168000,-18000,1
10003,America/Chicago,US,CST,6053727600,-21600,0
10004,America/Chicago,US,CDT,6065222400,-18000,1
10005,America/Chicago,US,CST,6085782000,-21600,0
10006,America/Chicago,US,CDT,6096672000,-18000,1
10007,America/Chicago,US,CST,6117231600,-21600,0
10008,America/Chicago,US,CDT,6128121600,-18000,1
10009,America/Chicago,US,CST,6148681200,-21600,0
10010,America/Chicago,US,CDT,6159571200,-18000,1
10011,America/Chicago,US,CST,6180130800,-21600,0
10012,America/Chicago,US,CDT,6191020800,-18000,1
10013,America/Chicago,US,CST,6211580400,-21600,0
10014,America/Chicago,US,CDT,6222470400,-18000,1
10015,America/Chicago,US,CST,6243030000,-21600,0
10016,America/Chicago,US,CDT,6254524800,-18000,1
10017,America/Chicago,US,CST,6275084400,-21600,0
10018,America/Chicago,US,CDT,6285974400,-18000,1
10019,America/Chicago,US,CST,6306534000,-21600,0
10020,America/Chicago,US,CDT,6317424000,-18000,1
10021,America/Chicago,US,CST,6337983600,-21600,0
10022,America/Chicago,US,CDT,6348873600,-18000,1
10023,America/Chicago,US,CST,6369433200,-21600,0
10024,America/Chicago,US,CDT,6380323200,-18000,1
10025,America/Chicago,US,CST,6400882800,-21600,0
10026,America/Chicago,US,CDT,6412377600,-18000,1
10027,America/Chicago,US,CST,6432937200,-21600,0
10028,America/Chicago,US,CDT,6443827200,-18000,1
10029,America/Chicago,US,CST,6464386800,-21600,0
10030,America/Chicago,US,CDT,6475276800,-18000,1
10031,America/Chicago,US,CST,6495836400,-21600,0
10032,America/Chicago,US,CDT,6506726400,-18000,1
10033,America/Chicago,US,CST,6527286000,-21600,0
10034,America/Chicago,US,CDT,6538176000,-18000,1
10035,America/Chicago,US,CST,6558735600,-21600,0
10036,America/Chicago,US,CDT,6569625600,-18000,1
10037,America/Chicago,US,CST,6590185200,-21600,0
10038,America/Chicago,US,CDT,6601680000,-18000,1
10039,America/Chicago,US,CST,6622239600,-21600,0
10040,America/Chicago,US,CDT,6633129600,-18000,1
10041,America/Chicago,US,CST,6653689200,-21600,0
10042,America/Chicago,US,CDT,6664579200,-18000,1
10043,America/Chicago,US,CST,6685138800,-21600,0
10044,America/Chicago,US,CDT,6696028800,-18000,1
10045,America/Chicago,US,CST,6716588400,-21600,0
10046,America/Chicago,US,CDT,6727478400,-18000,1
10047,America/Chicago,US,CST,6748038000,-21600,0
10048,America/Chicago,US,CDT,6759532800,-18000,1
10049,America/Chicago,US,CST,6780092400,-21600,0
10050,America/Chicago,US,CDT,6790982400,-18000,1
10051,America/Chicago,US,CST,6811542000,-21600,0
10052,America/Chicago,US,CDT,6822432000,-18000,1
10053,America/Chicago,US,CST,6842991600,-21600,0
10054,America/Chicago,US,CDT,6853881600,-18000,1
10055,America/Chicago,US,CST,6874441200,-21600,0
10056,America/Chicago,US,CDT,6885331200,-18000,1
10057,America/Chicago,US,CST,6905890800,-21600,0
10058,America/Chicago,US,CDT,6916780800,-18000,1
10059,America/Chicago,US,CST,6937340400,-21600,0
10060,America/Chicago,US,CDT,6948835200,-18000,1
10061,America/Chicago,US,CST,6969394800,-21600,0
10062,America/Chicago,US,CDT,6980284800,-18000,1
10063,America/Chicago,US,CST,7000844400,-21600,0
10064,America/Chicago,US,CDT,7011734400,-18000,1
10065,America/Chicago,US,CST,7032294000,-21600,0
10066,America/Chicago,US,CDT,7043184000,-18000,1
10067,America/Chicago,US,CST,7063743600,-21600,0
10068,America/Chicago,US,CDT,7074633600,-18000,1
10069,America/Chicago,US,CST,7095193200,-21600,0
10070,America/Chicago,US,CDT,7106083200,-18000,1
10071,America/Chicago,US,CST,7126642800,-21600,0
10072,America/Chicago,US,CDT,7138137600,-18000,1
10073,America/Chicago,US,CST,7158697200,-21600,0
10074,America/Chicago,US,CDT,7169587200,-18000,1
10075,America/Chicago,US,CST,7190146800,-21600,0
10076,America/Chicago,US,CDT,7201036800,-18000,1
10077,America/Chicago,US,CST,7221596400,-21600,0
10078,America/Chicago,US,CDT,7232486400,-18000,1
10079,America/Chicago,US,CST,7253046000,-21600,0
10080,America/Chicago,US,CDT,7263936000,-18000,1
10081,America/Chicago,US,CST,7284495600,-21600,0
10082,America/Chicago,US,CDT,7295385600,-18000,1
10083,America/Chicago,US,CST,7315945200,-21600,0
10084,America/Chicago,US,CDT,7327440000,-18000,1
10085,America/Chicago,US,CST,7347999600,-21600,0
10086,America/Chicago,US,CDT,7358889600,-18000,1
10087,America/Chicago,US,CST,7379449200,-21600,0
10088,America/Chicago,US,CDT,7390339200,-18000,1
10089,America/Chicago,US,CST,7410898800,-21600,0
10090,America/Chicago,US,CDT,7421788800,-18000,1
10091,America/Chicago,US,CST,7442348400,-21600,0
10092,America/Chicago,US,CDT,7453238400,-18000,1
10093,America/Chicago,US,CST,7473798000,-21600,0
10094,America/Chicago,US,CDT,7484688000,-18000,1
10095,America/Chicago,US,CST,7505247600,-21600,0
10096,America/Chicago,US,CDT,7516742400,-18000,1
10097,America/Chicago,US,CST,7537302000,-21600,0
10098,America/Chicago,US,CDT,7548192000,-18000,1
10099,America/Chicago,US,CST,7568751600,-21600,0
10100,America/Chicago,US,CDT,7579641600,-18000,1
10101,America/Chicago,US,CST,7600201200,-21600,0
10102,America/Chicago,US,CDT,7611091200,-18000,1
10103,America/Chicago,US,CST,7631650800,-21600,0
10104,America/Chicago,US,CDT,7642540800,-18000,1
10105,America/Chicago,US,CST,7663100400,-21600,0
10106,America/Chicago,US,CDT,7674595200,-18000,1
10107,America/Chicago,US,CST,7695154800,-21600,0
10108,America/Chicago,US,CDT,7706044800,-18000,1
10109,America/Chicago,US,CST,7726604400,-21600,0
10110,America/Chicago,US,CDT,7737494400,-18000,1
10111,America/Chicago,US,CST,7758054000,-21600,0
10112,America/Chicago,US,CDT,7768944000,-18000,1
10113,America/Chicago,US,CST,7789503600,-21600,0
10114,America/Chicago,US,CDT,7800393600,-18000,1
10115,America/Chicago,US,CST,7820953200,-21600,0
10116,America/Chicago,US,CDT,7831843200,-18000,1
10117,America/Chicago,US,CST,7852402800,-21600,0
10118,America/Chicago,US,CDT,7863897600,-18000,1
10119,America/Chicago,US,CST,7884457200,-21600,0
10120,America/Chicago,US,CDT,7895347200,-18000,1
10121,America/Chicago,US,CST,7915906800,-21600,0
10122,America/Chicago,US,CDT,7926796800,-18000,1
10123,America/Chicago,US,CST,7947356400,-21600,0
10124,America/Chicago,US,CDT,7958246400,-18000,1
10125,America/Chicago,US,CST,7978806000,-21600,0
10126,America/Chicago,US,CDT,7989696000,-18000,1
10127,America/Chicago,US,CST,8010255600,-21600,0
10128,America/Chicago,US,CDT,8021750400,-18000,1
10129,America/Chicago,US,CST,8042310000,-21600,0
10130,America/Chicago,US,CDT,8053200000,-18000,1
10131,America/Chicago,US,CST,8073759600,-21600,0
10132,America/Chicago,US,CDT,8084649600,-18000,1
10133,America/Chicago,US,CST,8105209200,-21600,0
10134,America/Chicago,US,CDT,8116099200,-18000,1
10135,America/Chicago,US,CST,8136658800,-21600,0
10136,America/Chicago,US,CDT,8147548800,-18000,1
10137,America/Chicago,US,CST,8168108400,-21600,0
10138,America/Chicago,US,CDT,8178998400,-18000,1
10139,America/Chicago,US,CST,8199558000,-21600,0
10140,America/Chicago,US,CDT,8211052800,-18000,1
10141,America/Chicago,US,CST,8231612400,-21600,0
10142,America/Chicago,US,CDT,8242502400,-18000,1
10143,America/Chicago,US,CST,8263062000,-21600,0
10144,America/Chicago,US,CDT,8273952000,-18000,1
10145,America/Chicago,US,CST,8294511600,-21600,0
10146,America/Chicago,US,CDT,8305401600,-18000,1
10147,America/Chicago,US,CST,8325961200,-21600,0
10148,America/Chicago,US,CDT,8336851200,-18000,1
10149,America/Chicago,US,CST,8357410800,-21600,0
10150,America/Chicago,US,CDT,8368300800,-18000,1
10151,America/Chicago,US,CST,8388860400,-21600,0
10152,America/Chicago,US,CDT,8400355200,-18000,1
10153,America/Chicago,US,CST,8420914800,-21600,0
10154,America/Chicago,US,CDT,8431804800,-18000,1
10155,America/Chicago,US,CST,8452364400,-21600,0
10156,America/Chicago,US,CDT,8463254400,-18000,1
10157,America/Chicago,US,CST,8483814000,-21600,0
10158,America/Chicago,US,CDT,8494704000,-18000,1
10159,America/Chicago,US,CST,8515263600,-21600,0
10160,America/Chicago,US,CDT,8526153600,-18000,1
10161,America/Chicago,US,CST,8546713200,-21600,0
10162,America/Chicago,US,CDT,8558208000,-18000,1
10163,America/Chicago,US,CST,8578767600,-21600,0
10164,America/Chicago,US,CDT,8589657600,-18000,1
10165,America/Chicago,US,CST,8610217200,-21600,0
10166,America/Chicago,US,CDT,8621107200,-18000,1
10167,America/Chicago,US,CST,8641666800,-21600,0
10168,America/Chicago,US,CDT,8652556800,-18000,1
10169,America/Chicago,US,CST,8673116400,-21600,0
10170,America/Chicago,US,CDT,8684006400,-18000,1
10171,America/Chicago,US,CST,8704566000,-21600,0
10172,America/Chicago,US,CDT,8715456000,-18000,1
10173,America/Chicago,US,CST,8736015600,-21600,0
10174,America/Chicago,US,CDT,8747510400,-18000,1
10175,America/Chicago,US,CST,8768070000,-21600,0
10176,America/Chicago,US,CDT,8778960000,-18000,1
10177,America/Chicago,US,CST,8799519600,-21600,0
10178,America/Chicago,US,CDT,8810409600,-18000,1
10179,America/Chicago,US,CST,8830969200,-21600,0
10180,America/Chicago,US,CDT,8841859200,-18000,1
10181,America/Chicago,US,CST,8862418800,-21600,0
10182,America/Chicago,US,CDT,8873308800,-18000,1
10183,America/Chicago,US,CST,8893868400,-21600,0
10184,America/Chicago,US,CDT,8905363200,-18000,1
10185,America/Chicago,US,CST,8925922800,-21600,0
10186,America/Chicago,US,CDT,8936812800,-18000,1
10187,America/Chicago,US,CST,8957372400,-21600,0
10188,America/Chicago,US,CDT,8968262400,-18000,1
10189,America/Chicago,US,CST,8988822000,-21600,0
10190,America/Chicago,US,CDT,8999712000,-18000,1
10191,America/Chicago,US,CST,9020271600,-21600,0
10192,America/Chicago,US,CDT,9031161600,-18000,1
10193,America/Chicago,US,CST,9051721200,-21600,0
10194,America/Chicago,US,CDT,9062611200,-18000,1
10195,America/Chicago,US,CST,9083170800,-21600,0
10196,America/Chicago,US,CDT,9094665600,-18000,1
10197,America/Chicago,US,CST,9115225200,-21600,0
10198,America/Chicago,US,CDT,9126115200,-18000,1
10199,America/Chicago,US,CST,9146674800,-21600,0
10200,America/Chicago,US,CDT,9157564800,-18000,1
10201,America/Chicago,US,CST,9178124400,-21600,0
10202,America/Chicago,US,CDT,9189014400,-18000,1
10203,America/Chicago,US,CST,9209574000,-21600,0
10204,America/Chicago,US,CDT,9220464000,-18000,1
10205,America/Chicago,US,CST,9241023600,-21600,0
10206,America/Chicago,US,CDT,9251913600,-18000,1
10207,America/Chicago,US,CST,9272473200,-21600,0
10208,America/Chicago,US,CDT,9283968000,-18000,1
10209,America/Chicago,US,CST,9304527600,-21600,0
10210,America/Chicago,US,CDT,9315417600,-18000,1
10211,America/Chicago,US,CST,9335977200,-21600,0
10212,America/Chicago,US,CDT,9346867200,-18000,1
10213,America/Chicago,US,CST,9367426800,-21600,0
10214,America/Chicago,US,CDT,9378316800,-18000,1
10215,America/Chicago,US,CST,9398876400,-21600,0
10216,America/Chicago,US,CDT,9409766400,-18000,1
10217,America/Chicago,US,CST,9430326000,-21600,0
10218,America/Chicago,US,CDT,9441820800,-18000,1
10219,America/Chicago,US,CST,9462380400,-21600,0
10220,America/Chicago,US,CDT,9473270400,-18000,1
10221,America/Chicago,US,CST,9493830000,-21600,0
10222,America/Chicago,US,CDT,9504720000,-18000,1
10223,America/Chicago,US,CST,9525279600,-21600,0
10224,America/Chicago,US,CDT,9536169600,-18000,1
10225,America/Chicago,US,CST,9556729200,-21600,0
10226,America/Chicago,US,CDT,9567619200,-18000,1
10227,America/Chicago,US,CST,9588178800,-21600,0
10228,America/Chicago,US,CDT,9599068800,-18000,1
10229,America/Chicago,US,CST,9619628400,-21600,0
10230,America/Chicago,US,CDT,9631123200,-18000,1
10231,America/Chicago,US,CST,9651682800,-21600,0
10232,America/Chicago,US,CDT,9662572800,-18000,1
10233,America/Chicago,US,CST,9683132400,-21600,0
10234,America/Chicago,US,CDT,9694022400,-18000,1
10235,America/Chicago,US,CST,9714582000,-21600,0
10236,America/Chicago,US,CDT,9725472000,-18000,1
10237,America/Chicago,US,CST,9746031600,-21600,0
10238,America/Chicago,US,CDT,9756921600,-18000,1
10239,America/Chicago,US,CST,9777481200,-21600,0
10240,America/Chicago,US,CDT,9788976000,-18000,1
10241,America/Chicago,US,CST,9809535600,-21600,0
10242,America/Chicago,US,CDT,9820425600,-18000,1
10243,America/Chicago,US,CST,9840985200,-21600,0
10244,America/Chicago,US,CDT,9851875200,-18000,1
10245,America/Chicago,US,CST,9872434800,-21600,0
10246,America/Chicago,US,CDT,9883324800,-18000,1
10247,America/Chicago,US,CST,9903884400,-21600,0
10248,America/Chicago,US,CDT,9914774400,-18000,1
10249,America/Chicago,US,CST,9935334000,-21600,0
10250,America/Chicago,US,CDT,9946224000,-18000,1
10251,America/Chicago,US,CST,9966783600,-21600,0
10252,America/Chicago,US,CDT,9978278400,-18000,1
10253,America/Chicago,US,CST,9998838000,-21600,0
10254,America/Chicago,US,CDT,10009728000,-18000,1
10255,America/Chicago,US,CST,10030287600,-21600,0
10256,America/Chicago,US,CDT,10041177600,-18000,1
10257,America/Chicago,US,CST,10061737200,-21600,0
10258,America/Chicago,US,CDT,10072627200,-18000,1
10259,America/Chicago,US,CST,10093186800,-21600,0
10260,America/Chicago,US,CDT,10104076800,-18000,1
10261,America/Chicago,US,CST,10124636400,-21600,0
10262,America/Chicago,US,CDT,10135526400,-18000,1
10263,America/Chicago,US,CST,10156086000,-21600,0
10264,America/Chicago,US,CDT,10167580800,-18000,1
10265,America/Chicago,US,CST,10188140400,-21600,0
10266,America/Chicago,US,CDT,10199030400,-18000,1
10267,America/Chicago,US,CST,10219590000,-21600,0
10268,America/Chicago,US,CDT,10230480000,-18000,1
10269,America/Chicago,US,CST,10251039600,-21600,0
10270,America/Chicago,US,CDT,10261929600,-18000,1
10271,America/Chicago,US,CST,10282489200,-21600,0
10272,America/Chicago,US,CDT,10293379200,-18000,1
10273,America/Chicago,US,CST,10313938800,-21600,0
10274,America/Chicago,US,CDT,10325433600,-18000,1
10275,America/Chicago,US,CST,10345993200,-21600,0
10276,America/Chicago,US,CDT,10356883200,-18000,1
10277,America/Chicago,US,CST,10377442800,-21600,0
10278,America/Chicago,US,CDT,10388332800,-18000,1
10279,America/Chicago,US,CST,10408892400,-21600,0
10280,America/Chicago,US,CDT,10419782400,-18000,1
10281,America/Chicago,US,CST,10440342000,-21600,0
10282,America/Chicago,US,CDT,10451232000,-18000,1
10283,America/Chicago,US,CST,10471791600,-21600,0
10284,America/Chicago,US,CDT,10482681600,-18000,1
10285,America/Chicago,US,CST,10503241200,-21600,0
10286,America/Chicago,US,CDT,10514131200,-18000,1
10287,America/Chicago,US,CST,10534690800,-21600,0
10288,America/Chicago,US,CDT,10546185600,-18000,1
10289,America/Chicago,US,CST,10566745200,-21600,0
10290,America/Chicago,US,CDT,10577635200,-18000,1
10291,America/Chicago,US,CST,10598194800,-21600,0
10292,America/Chicago,US,CDT,10609084800,-18000,1
10293,America/Chicago,US,CST,10629644400,-21600,0
10294,America/Chicago,US,CDT,10640534400,-18000,1
10295,America/Chicago,US,CST,10661094000,-21600,0
10296,America/Chicago,US,CDT,10671984000,-18000,1
10297,America/Chicago,US,CST,10692543600,-21600,0
10298,America/Chicago,US,CDT,10704038400,-18000,1
10299,America/Chicago,US,CST,10724598000,-21600,0
10300,America/Chicago,US,CDT,10735488000,-18000,1
10301,America/Chicago,US,CST,10756047600,-21600,0
10302,America/Chicago,US,CDT,10766937600,-18000,1
10303,America/Chicago,US,CST,10787497200,-21600,0
10304,America/Chicago,US,CDT,10798387200,-18000,1
10305,America/Chicago,US,CST,10818946800,-21600,0
10306,America/Chicago,US,CDT,10829836800,-18000,1
10307,America/Chicago,US,CST,10850396400,-21600,0
10308,America/Chicago,US,CDT,10861286400,-18000,1
10309,America/Chicago,US,CST,10881846000,-21600,0
10310,America/Chicago,US,CDT,10893340800,-18000,1
10311,America/Chicago,US,CST,10913900400,-21600,0
10312,America/Chicago,US,CDT,10924790400,-18000,1
10313,America/Chicago,US,CST,10945350000,-21600,0
10314,America/Chicago,US,CDT,10956240000,-18000,1
10315,America/Chicago,US,CST,10976799600,-21600,0
10316,America/Chicago,US,CDT,10987689600,-18000,1
10317,America/Chicago,US,CST,11008249200,-21600,0
10318,America/Chicago,US,CDT,11019139200,-18000,1
10319,America/Chicago,US,CST,11039698800,-21600,0
10320,America/Chicago,US,CDT,11051193600,-18000,1
10321,America/Chicago,US,CST,11071753200,-21600,0
10322,America/Chicago,US,CDT,11082643200,-18000,1
10323,America/Chicago,US,CST,11103202800,-21600,0
10324,America/Chicago,US,CDT,11114092800,-18000,1
10325,America/Chicago,US,CST,11134652400,-21600,0
10326,America/Chicago,US,CDT,11145542400,-18000,1
10327,America/Chicago,US,CST,11166102000,-21600,0
10328,America/Chicago,US,CDT,11176992000,-18000,1
10329,America/Chicago,US,CST,11197551600,-21600,0
10330,America/Chicago,US,CDT,11208441600,-18000,1
10331,America/Chicago,US,CST,11229001200,-21600,0
10332,America/Chicago,US,CDT,11240496000,-18000,1
10333,America/Chicago,US,CST,11261055600,-21600,0
10334,America/Chicago,US,CDT,11271945600,-18000,1
10335,America/Chicago,US,CST,11292505200,-21600,0
10336,America/Chicago,US,CDT,11303395200,-18000,1
10337,America/Chicago,US,CST,11323954800,-21600,0
10338,America/Chicago,US,CDT,11334844800,-18000,1
10339,America/Chicago,US,CST,11355404400,-21600,0
10340,America/Chicago,US,CDT,11366294400,-18000,1
10341,America/Chicago,US,CST,11386854000,-21600,0
10342,America/Chicago,US,CDT,11397744000,-18000,1
10343,America/Chicago,US,CST,11418303600,-21600,0
10344,America/Chicago,US,CDT,11429798400,-18000,1
10345,America/Chicago,US,CST,11450358000,-21600,0
10346,America/Chicago,US,CDT,11461248000,-18000,1
10347,America/Chicago,US,CST,11481807600,-21600,0
10348,America/Chicago,US,CDT,11492697600,-18000,1
10349,America/Chicago,US,CST,11513257200,-21600,0
10350,America/Chicago,US,CDT,11524147200,-18000,1
10351,America/Chicago,US,CST,11544706800,-21600,0
10352,America/Chicago,US,CDT,11555596800,-18000,1
10353,America/Chicago,US,CST,11576156400,-21600,0
10354,America/Chicago,US,CDT,11587651200,-18000,1
10355,America/Chicago,US,CST,11608210800,-21600,0
10356,America/Chicago,US,CDT,11619100800,-18000,1
10357,America/Chicago,US,CST,11639660400,-21600,0
10358,America/Chicago,US,CDT,11650550400,-18000,1
10359,America/Chicago,US,CST,11671110000,-21600,0
10360,America/Chicago,US,CDT,11682000000,-18000,1
10361,America/Chicago,US,CST,11702559600,-21600,0
10362,America/Chicago,US,CDT,11713449600,-18000,1
10363,America/Chicago,US,CST,11734009200,-21600,0
10364,America/Chicago,US,CDT,11744899200,-18000,1
10365,America/Chicago,US,CST,11765458800,-21600,0
10366,America/Chicago,US,CDT,11776953600,-18000,1
10367,America/Chicago,US,CST,11797513200,-21600,0
10368,America/Chicago,US,CDT,11808403200,-18000,1
10369,America/Chicago,US,CST,11828962800,-21600,0
10370,America/Chicago,US,CDT,11839852800,-18000,1
10371,America/Chicago,US,CST,11860412400,-21600,0
10372,America/Chicago,US,CDT,11871302400,-18000,1
10373,America/Chicago,US,CST,11891862000,-21600,0
10374,America/Chicago,US,CDT,11902752000,-18000,1
10375,America/Chicago,US,CST,11923311600,-21600,0
10376,America/Chicago,US,CDT,11934806400,-18000,1
10377,America/Chicago,US,CST,11955366000,-21600,0
10378,America/Chicago,US,CDT,11966256000,-18000,1
10379,America/Chicago,US,CST,11986815600,-21600,0
10380,America/Chicago,US,CDT,11997705600,-18000,1
10381,America/Chicago,US,CST,12018265200,-21600,0
10382,America/Chicago,US,CDT,12029155200,-18000,1
10383,America/Chicago,US,CST,12049714800,-21600,0
10384,America/Chicago,US,CDT,12060604800,-18000,1
10385,America/Chicago,US,CST,12081164400,-21600,0
10386,America/Chicago,US,CDT,12092054400,-18000,1
10387,America/Chicago,US,CST,12112614000,-21600,0
10388,America/Chicago,US,CDT,12124108800,-18000,1
10389,America/Chicago,US,CST,12144668400,-21600,0
10390,America/Chicago,US,CDT,12155558400,-18000,1
10391,America/Chicago,US,CST,12176118000,-21600,0
10392,America/Chicago,US,CDT,12187008000,-18000,1
10393,America/Chicago,US,CST,12207567600,-21600,0
10394,America/Chicago,US,CDT,12218457600,-18000,1
10395,America/Chicago,US,CST,12239017200,-21600,0
10396,America/Chicago,US,CDT,12249907200,-18000,1
10397,America/Chicago,US,CST,12270466800,-21600,0
10398,America/Chicago,US,CDT,12281356800,-18000,1
10399,America/Chicago,US,CST,12301916400,-21600,0
10400,America/Chicago,US,CDT,12313411200,-18000,1
10401,America/Chicago,US,CST,12333970800,-21600,0
10402,America/Chicago,US,CDT,12344860800,-18000,1
10403,America/Chicago,US,CST,12365420400,-21600,0
10404,America/Chicago,US,CDT,12376310400,-18000,1
10405,America/Chicago,US,CST,12396870000,-21600,0
10406,America/Chicago,US,CDT,12407760000,-18000,1
10407,America/Chicago,US,CST,12428319600,-21600,0
10408,America/Chicago,US,CDT,12439209600,-18000,1
10409,America/Chicago,US,CST,12459769200,-21600,0
10410,America/Chicago,US,CDT,12471264000,-18000,1
10411,America/Chicago,US,CST,12491823600,-21600,0
10412,America/Chicago,US,CDT,12502713600,-18000,1
10413,America/Chicago,US,CST,12523273200,-21600,0
10414,America/Chicago,US,CDT,12534163200,-18000,1
10415,America/Chicago,US,CST,12554722800,-21600,0
10416,America/Chicago,US,CDT,12565612800,-18000,1
10417,America/Chicago,US,CST,12586172400,-21600,0
10418,America/Chicago,US,CDT,12597062400,-18000,1
10419,America/Chicago,US,CST,12617622000,-21600,0
10420,America/Chicago,US,CDT,12628512000,-18000,1
10421,America/Chicago,US,CST,12649071600,-21600,0
10422,America/Chicago,US,CDT,12660566400,-18000,1
10423,America/Chicago,US,CST,12681126000,-21600,0
10424,America/Chicago,US,CDT,12692016000,-18000,1
10425,America/Chicago,US,CST,12712575600,-21600,0
10426,America/Chicago,US,CDT,12723465600,-18000,1
10427,America/Chicago,US,CST,12744025200,-21600,0
10428,America/Chicago,US,CDT,12754915200,-18000,1
10429,America/Chicago,US,CST,12775474800,-21600,0
10430,America/Chicago,US,CDT,12786364800,-18000,1
10431,America/Chicago,US,CST,12806924400,-21600,0
10432,America/Chicago,US,CDT,12818419200,-18000,1
10433,America/Chicago,US,CST,12838978800,-21600,0
10434,America/Chicago,US,CDT,12849868800,-18000,1
10435,America/Chicago,US,CST,12870428400,-21600,0
10436,America/Chicago,US,CDT,12881318400,-18000,1
10437,America/Chicago,US,CST,12901878000,-21600,0
10438,America/Chicago,US,CDT,12912768000,-18000,1
10439,America/Chicago,US,CST,12933327600,-21600,0
10440,America/Chicago,US,CDT,12944217600,-18000,1
10441,America/Chicago,US,CST,12964777200,-21600,0
10442,America/Chicago,US,CDT,12975667200,-18000,1
10443,America/Chicago,US,CST,12996226800,-21600,0
10444,America/Chicago,US,CDT,13007721600,-18000,1
10445,America/Chicago,US,CST,13028281200,-21600,0
10446,America/Chicago,US,CDT,13039171200,-18000,1
10447,America/Chicago,US,CST,13059730800,-21600,0
10448,America/Chicago,US,CDT,13070620800,-18000,1
10449,America/Chicago,US,CST,13091180400,-21600,0
10450,America/Chicago,US,CDT,13102070400,-18000,1
10451,America/Chicago,US,CST,13122630000,-21600,0
10452,America/Chicago,US,CDT,13133520000,-18000,1
10453,America/Chicago,US,CST,13154079600,-21600,0
10454,America/Chicago,US,CDT,13164969600,-18000,1
10455,America/Chicago,US,CST,13185529200,-21600,0
10456,America/Chicago,US,CDT,13197024000,-18000,1
10457,America/Chicago,US,CST,13217583600,-21600,0
10458,America/Chicago,US,CDT,13228473600,-18000,1
10459,America/Chicago,US,CST,13249033200,-21600,0
10460,America/Chicago,US,CDT,13259923200,-18000,1
10461,America/Chicago,US,CST,13280482800,-21600,0
10462,America/Chicago,US,CDT,13291372800,-18000,1
10463,America/Chicago,US,CST,13311932400,-21600,0
10464,America/Chicago,US,CDT,13322822400,-18000,1
10465,America/Chicago,US,CST,13343382000,-21600,0
10466,America/Chicago,US,CDT,13354876800,-18000,1
10467,America/Chicago,US,CST,13375436400,-21600,0
10468,America/Chicago,US,CDT,13386326400,-18000,1
10469,America/Chicago,US,CST,13406886000,-21600,0
10470,America/Chicago,US,CDT,13417776000,-18000,1
10471,America/Chicago,US,CST,13438335600,-21600,0
10472,America/Chicago,US,CDT,13449225600,-18000,1
10473,America/Chicago,US,CST,13469785200,-21600,0
10474,America/Chicago,US,CDT,13480675200,-18000,1
10475,America/Chicago,US,CST,13501234800,-21600,0
10476,America/Chicago,US,CDT,13512124800,-18000,1
10477,America/Chicago,US,CST,13532684400,-21600,0
10478,America/Chicago,US,CDT,13544179200,-18000,1
10479,America/Chicago,US,CST,13564738800,-21600,0
10480,America/Chicago,US,CDT,13575628800,-18000,1
10481,America/Chicago,US,CST,13596188400,-21600,0
10482,America/Chicago,US,CDT,13607078400,-18000,1
10483,America/Chicago,US,CST,13627638000,-21600,0
10484,America/Chicago,US,CDT,13638528000,-18000,1
10485,America/Chicago,US,CST,13659087600,-21600,0
10486,America/Chicago,US,CDT,13669977600,-18000,1
10487,America/Chicago,US,CST,13690537200,-21600,0
10488,America/Chicago,US,CDT,13702032000,-18000,1
10489,America/Chicago,US,CST,13722591600,-21600,0
10490,America/Chicago,US,CDT,13733481600,-18000,1
10491,America/Chicago,US,CST,13754041200,-21600,0
10492,America/Chicago,US,CDT,13764931200,-18000,1
10493,America/Chicago,US,CST,13785490800,-21600,0
10494,America/Chicago,US,CDT,13796380800,-18000,1
10495,America/Chicago,US,CST,13816940400,-21600,0
10496,America/Chicago,US,CDT,13827830400,-18000,1
10497,America/Chicago,US,CST,13848390000,-21600,0
10498,America/Chicago,US,CDT,13859280000,-18000,1
10499,America/Chicago,US,CST,13879839600,-21600,0
10500,America/Chicago,US,CDT,13891334400,-18000,1
10501,America/Chicago,US,CST,13911894000,-21600,0
10502,America/Chicago,US,CDT,13922784000,-18000,1
10503,America/Chicago,US,CST,13943343600,-21600,0
10504,America/Chicago,US,CDT,13954233600,-18000,1
10505,America/Chicago,US,CST,13974793200,-21600,0
10506,America/Chicago,US,CDT,13985683200,-18000,1
10507,America/Chicago,US,CST,14006242800,-21600,0
10508,America/Chicago,US,CDT,14017132800,-18000,1
10509,America/Chicago,US,CST,14037692400,-21600,0
10510,America/Chicago,US,CDT,14048582400,-18000,1
10511,America/Chicago,US,CST,14069142000,-21600,0
10512,America/Chicago,US,CDT,14080636800,-18000,1
10513,America/Chicago,US,CST,14101196400,-21600,0
10514,America/Chicago,US,CDT,14112086400,-18000,1
10515,America/Chicago,US,CST,14132646000,-21600,0
10516,America/Chicago,US,CDT,14143536000,-18000,1
10517,America/Chicago,US,CST,14164095600,-21600,0
10518,America/Chicago,US,CDT,14174985600,-18000,1
10519,America/Chicago,US,CST,14195545200,-21600,0
10520,America/Chicago,US,CDT,14206435200,-18000,1
10521,America/Chicago,US,CST,14226994800,-21600,0
10522,America/Chicago,US,CDT,14238489600,-18000,1
10523,America/Chicago,US,CST,14259049200,-21600,0
10524,America/Chicago,US,CDT,14269939200,-18000,1
10525,America/Chicago,US,CST,14290498800,-21600,0
10526,America/Chicago,US,CDT,14301388800,-18000,1
10527,America/Chicago,US,CST,14321948400,-21600,0
10528,America/Chicago,US,CDT,14332838400,-18000,1
10529,America/Chicago,US,CST,14353398000,-21600,0
10530,America/Chicago,US,CDT,14364288000,-18000,1
10531,America/Chicago,US,CST,14384847600,-21600,0
10532,America/Chicago,US,CDT,14395737600,-18000,1
10533,America/Chicago,US,CST,14416297200,-21600,0
10534,America/Chicago,US,CDT,14427792000,-18000,1
10535,America/Chicago,US,CST,14448351600,-21600,0
10536,America/Chicago,US,CDT,14459241600,-18000,1
10537,America/Chicago,US,CST,14479801200,-21600,0
10538,America/Chicago,US,CDT,14490691200,-18000,1
10539,America/Chicago,US,CST,14511250800,-21600,0
10540,America/Chicago,US,CDT,14522140800,-18000,1
10541,America/Chicago,US,CST,14542700400,-21600,0
10542,America/Chicago,US,CDT,14553590400,-18000,1
10543,America/Chicago,US,CST,14574150000,-21600,0
10544,America/Chicago,US,CDT,14585644800,-18000,1
10545,America/Chicago,US,CST,14606204400,-21600,0
10546,America/Chicago,US,CDT,14617094400,-18000,1
10547,America/Chicago,US,CST,14637654000,-21600,0
10548,America/Chicago,US,CDT,14648544000,-18000,1
10549,America/Chicago,US,CST,14669103600,-21600,0
10550,America/Chicago,US,CDT,14679993600,-18000,1
10551,America/Chicago,US,CST,14700553200,-21600,0
10552,America/Chicago,US,CDT,14711443200,-18000,1
10553,America/Chicago,US,CST,14732002800,-21600,0
10554,America/Chicago,US,CDT,14742892800,-18000,1
10555,America/Chicago,US,CST,14763452400,-21600,0
10556,America/Chicago,US,CDT,14774947200,-18000,1
10557,America/Chicago,US,CST,14795506800,-21600,0
10558,America/Chicago,US,CDT,14806396800,-18000,1
10559,America/Chicago,US,CST,14826956400,-21600,0
10560,America/Chicago,US,CDT,14837846400,-18000,1
10561,America/Chicago,US,CST,14858406000,-21600,0
10562,America/Chicago,US,CDT,14869296000,-18000,1
10563,America/Chicago,US,CST,14889855600,-21600,0
10564,America/Chicago,US,CDT,14900745600,-18000,1
10565,America/Chicago,US,CST,14921305200,-21600,0
10566,America/Chicago,US,CDT,14932195200,-18000,1
10567,America/Chicago,US,CST,14952754800,-21600,0
10568,America/Chicago,US,CDT,14964249600,-18000,1
10569,America/Chicago,US,CST,14984809200,-21600,0
10570,America/Chicago,US,CDT,14995699200,-18000,1
10571,America/Chicago,US,CST,15016258800,-21600,0
10572,America/Chicago,US,CDT,15027148800,-18000,1
10573,America/Chicago,US,CST,15047708400,-21600,0
10574,America/Chicago,US,CDT,15058598400,-18000,1
10575,America/Chicago,US,CST,15079158000,-21600,0
10576,America/Chicago,US,CDT,15090048000,-18000,1
10577,America/Chicago,US,CST,15110607600,-21600,0
10578,America/Chicago,US,CDT,15122102400,-18000,1
10579,America/Chicago,US,CST,15142662000,-21600,0
10580,America/Chicago,US,CDT,15153552000,-18000,1
10581,America/Chicago,US,CST,15174111600,-21600,0
10582,America/Chicago,US,CDT,15185001600,-18000,1
10583,America/Chicago,US,CST,15205561200,-21600,0
10584,America/Chicago,US,CDT,15216451200,-18000,1
10585,America/Chicago,US,CST,15237010800,-21600,0
10586,America/Chicago,US,CDT,15247900800,-18000,1
10587,America/Chicago,US,CST,15268460400,-21600,0
10588,America/Chicago,US,CDT,15279350400,-18000,1
10589,America/Chicago,US,CST,15299910000,-21600,0
10590,America/Chicago,US,CDT,15311404800,-18000,1
10591,America/Chicago,US,CST,15331964400,-21600,0
10592,America/Chicago,US,CDT,15342854400,-18000,1
10593,America/Chicago,US,CST,15363414000,-21600,0
10594,America/Chicago,US,CDT,15374304000,-18000,1
10595,America/Chicago,US,CST,15394863600,-21600,0
10596,America/Chicago,US,CDT,15405753600,-18000,1
10597,America/Chicago,US,CST,15426313200,-21600,0
10598,America/Chicago,US,CDT,15437203200,-18000,1
10599,America/Chicago,US,CST,15457762800,-21600,0
10600,America/Chicago,US,CDT,15469257600,-18000,1
10601,America/Chicago,US,CST,15489817200,-21600,0
10602,America/Chicago,US,CDT,15500707200,-18000,1
10603,America/Chicago,US,CST,15521266800,-21600,0
10604,America/Chicago,US,CDT,15532156800,-18000,1
10605,America/Chicago,US,CST,15552716400,-21600,0
10606,America/Chicago,US,CDT,15563606400,-18000,1
10607,America/Chicago,US,CST,15584166000,-21600,0
10608,America/Chicago,US,CDT,15595056000,-18000,1
10609,America/Chicago,US,CST,15615615600,-21600,0
10610,America/Chicago,US,CDT,15626505600,-18000,1
10611,America/Chicago,US,CST,15647065200,-21600,0
10612,America/Chicago,US,CDT,15658560000,-18000,1
10613,America/Chicago,US,CST,15679119600,-21600,0
10614,America/Chicago,US,CDT,15690009600,-18000,1
10615,America/Chicago,US,CST,15710569200,-21600,0
10616,America/Chicago,US,CDT,15721459200,-18000,1
10617,America/Chicago,US,CST,15742018800,-21600,0
10618,America/Chicago,US,CDT,15752908800,-18000,1
10619,America/Chicago,US,CST,15773468400,-21600,0
10620,America/Chicago,US,CDT,15784358400,-18000,1
10621,America/Chicago,US,CST,15804918000,-21600,0
10622,America/Chicago,US,CDT,15815808000,-18000,1
10623,America/Chicago,US,CST,15836367600,-21600,0
10624,America/Chicago,US,CDT,15847862400,-18000,1
10625,America/Chicago,US,CST,15868422000,-21600,0
10626,America/Chicago,US,CDT,15879312000,-18000,1
10627,America/Chicago,US,CST,15899871600,-21600,0
10628,America/Chicago,US,CDT,15910761600,-18000,1
10629,America/Chicago,US,CST,15931321200,-21600,0
10630,America/Chicago,US,CDT,15942211200,-18000,1
10631,America/Chicago,US,CST,15962770800,-21600,0
10632,America/Chicago,US,CDT,15973660800,-18000,1
10633,America/Chicago,US,CST,15994220400,-21600,0
10634,America/Chicago,US,CDT,16005715200,-18000,1
10635,America/Chicago,US,CST,16026274800,-21600,0
10636,America/Chicago,US,CDT,16037164800,-18000,1
10637,America/Chicago,US,CST,16057724400,-21600,0
10638,America/Chicago,US,CDT,16068614400,-18000,1
10639,America/Chicago,US,CST,16089174000,-21600,0
10640,America/Chicago,US,CDT,16100064000,-18000,1
10641,America/Chicago,US,CST,16120623600,-21600,0
10642,America/Chicago,US,CDT,16131513600,-18000,1
10643,America/Chicago,US,CST,16152073200,-21600,0
10644,America/Chicago,US,CDT,16162963200,-18000,1
10645,America/Chicago,US,CST,16183522800,-21600,0
10646,America/Chicago,US,CDT,16195017600,-18000,1
10647,America/Chicago,US,CST,16215577200,-21600,0
10648,America/Chicago,US,CDT,16226467200,-18000,1
10649,America/Chicago,US,CST,16247026800,-21600,0
10650,America/Chicago,US,CDT,16257916800,-18000,1
10651,America/Chicago,US,CST,16278476400,-21600,0
10652,America/Chicago,US,CDT,16289366400,-18000,1
10653,America/Chicago,US,CST,16309926000,-21600,0
10654,America/Chicago,US,CDT,16320816000,-18000,1
10655,America/Chicago,US,CST,16341375600,-21600,0
10656,America/Chicago,US,CDT,16352870400,-18000,1
10657,America/Chicago,US,CST,16373430000,-21600,0
10658,America/Chicago,US,CDT,16384320000,-18000,1
10659,America/Chicago,US,CST,16404879600,-21600,0
10660,America/Chicago,US,CDT,16415769600,-18000,1
10661,America/Chicago,US,CST,16436329200,-21600,0
10662,America/Chicago,US,CDT,16447219200,-18000,1
10663,America/Chicago,US,CST,16467778800,-21600,0
10664,America/Chicago,US,CDT,16478668800,-18000,1
10665,America/Chicago,US,CST,16499228400,-21600,0
10666,America/Chicago,US,CDT,16510118400,-18000,1
10667,America/Chicago,US,CST,16530678000,-21600,0
10668,America/Chicago,US,CDT,16542172800,-18000,1
10669,America/Chicago,US,CST,16562732400,-21600,0
10670,America/Chicago,US,CDT,16573622400,-18000,1
10671,America/Chicago,US,CST,16594182000,-21600,0
10672,America/Chicago,US,CDT,16605072000,-18000,1
10673,America/Chicago,US,CST,16625631600,-21600,0
10674,America/Chicago,US,CDT,16636521600,-18000,1
10675,America/Chicago,US,CST,16657081200,-21600,0
10676,America/Chicago,US,CDT,16667971200,-18000,1
10677,America/Chicago,US,CST,16688530800,-21600,0
10678,America/Chicago,US,CDT,16699420800,-18000,1
10679,America/Chicago,US,CST,16719980400,-21600,0
